,category_code,brand,price
0,electronics.smartphone,samsung,503.09
1,electronics.video.tv,samsung,488.8
2,electronics.smartphone,apple,949.47
3,electronics.smartphone,apple,486.8
4,electronics.smartphone,samsung,128.42
5,electronics.smartphone,samsung,128.42
6,electronics.smartphone,apple,486.8
7,electronics.smartphone,apple,1583.48
8,electronics.smartphone,samsung,128.42
9,electronics.video.tv,samsung,488.8
10,electronics.smartphone,samsung,128.42
11,electronics.audio.headphone,apple,160.57
12,electronics.video.tv,samsung,488.8
13,electronics.smartphone,apple,532.57
14,electronics.smartphone,apple,1337.23
15,electronics.smartphone,samsung,362.29
16,electronics.video.tv,samsung,488.8
17,electronics.smartphone,samsung,128.42
18,electronics.smartphone,samsung,128.42
19,electronics.video.tv,samsung,488.8
20,electronics.video.tv,samsung,488.8
21,electronics.smartphone,apple,1348.61
22,electronics.smartphone,apple,949.47
23,electronics.video.tv,samsung,488.8
24,electronics.smartphone,apple,1013.86
25,electronics.smartphone,apple,1013.86
26,electronics.smartphone,samsung,362.29
27,electronics.video.tv,samsung,488.8
28,computers.peripherals.printer,hp,38.35
29,electronics.video.tv,samsung,488.8
30,electronics.audio.headphone,xiaomi,22.8
31,electronics.smartphone,samsung,275.25
32,electronics.audio.headphone,xiaomi,22.8
33,electronics.smartphone,xiaomi,189.97
34,electronics.smartphone,samsung,275.25
35,electronics.audio.headphone,xiaomi,22.8
36,electronics.smartphone,apple,1013.86
37,electronics.smartphone,xiaomi,138.71
38,electronics.audio.headphone,apple,160.57
39,electronics.smartphone,apple,1665.36
40,electronics.audio.headphone,xiaomi,22.8
41,electronics.audio.headphone,xiaomi,22.8
42,electronics.smartphone,apple,1665.36
43,electronics.audio.headphone,apple,160.57
44,electronics.video.tv,arg,347.49
45,electronics.audio.headphone,samsung,107.45
46,electronics.smartphone,apple,358.31
47,electronics.audio.headphone,samsung,107.45
48,electronics.smartphone,samsung,128.42
49,electronics.video.tv,samsung,488.8
50,electronics.smartphone,apple,458.28
51,electronics.smartphone,oppo,308.45
52,electronics.smartphone,oppo,308.45
53,electronics.tablet,samsung,469.84
54,electronics.smartphone,samsung,242.63
55,electronics.smartphone,xiaomi,181.12
56,electronics.smartphone,xiaomi,212.08
57,electronics.smartphone,samsung,717.39
58,electronics.smartphone,xiaomi,189.97
59,electronics.smartphone,xiaomi,142.84
60,electronics.smartphone,apple,1558.25
61,electronics.smartphone,apple,776.08
62,electronics.smartphone,apple,722.4
63,electronics.smartphone,xiaomi,142.84
64,computers.notebook,apple,1768.37
65,electronics.clocks,huawei,169.63
66,electronics.smartphone,apple,1003.63
67,electronics.smartphone,apple,1583.48
68,electronics.smartphone,samsung,223.95
69,electronics.smartphone,samsung,275.25
70,electronics.smartphone,samsung,172.23
71,kids.skates,xiaomi,367.55
72,electronics.smartphone,apple,1348.61
73,appliances.environment.vacuum,samsung,191.74
74,appliances.environment.vacuum,samsung,191.74
75,electronics.video.tv,samsung,488.8
76,electronics.smartphone,meizu,69.24
77,electronics.smartphone,xiaomi,330.63
78,electronics.audio.headphone,apple,160.57
79,electronics.audio.headphone,apple,160.57
80,electronics.audio.headphone,apple,160.57
81,electronics.audio.headphone,samsung,107.45
82,electronics.smartphone,apple,749.67
83,electronics.smartphone,apple,722.4
84,electronics.smartphone,apple,722.4
85,electronics.smartphone,samsung,362.29
86,appliances.sewing_machine,jaguar,73.72
87,electronics.smartphone,apple,949.47
88,electronics.audio.headphone,apple,188.94
89,electronics.audio.headphone,apple,160.57
90,electronics.smartphone,apple,949.47
91,electronics.audio.headphone,apple,160.57
92,electronics.audio.headphone,apple,160.57
93,electronics.smartphone,apple,949.47
94,electronics.smartphone,apple,949.47
95,electronics.smartphone,xiaomi,212.08
96,electronics.smartphone,apple,1348.61
97,electronics.smartphone,apple,949.47
98,electronics.smartphone,xiaomi,212.08
99,electronics.smartphone,apple,532.57
100,electronics.smartphone,apple,1350.27
101,electronics.smartphone,apple,949.47
102,electronics.smartphone,apple,949.47
103,electronics.smartphone,apple,949.47
104,electronics.smartphone,apple,358.31
105,appliances.environment.water_heater,ariston,105.7
106,electronics.smartphone,huawei,266.0
107,electronics.smartphone,apple,722.4
108,electronics.smartphone,samsung,275.25
109,electronics.smartphone,huawei,125.61
110,electronics.audio.headphone,apple,160.57
111,electronics.smartphone,samsung,275.25
112,electronics.smartphone,samsung,128.42
113,electronics.smartphone,samsung,128.42
114,electronics.smartphone,samsung,229.9
115,electronics.smartphone,samsung,128.42
116,electronics.smartphone,samsung,782.22
117,electronics.smartphone,samsung,229.9
118,electronics.smartphone,samsung,229.9
119,electronics.smartphone,oppo,308.45
120,computers.notebook,apple,1209.55
121,electronics.smartphone,samsung,588.92
122,computers.notebook,apple,1209.55
123,computers.notebook,apple,1209.55
124,electronics.smartphone,xiaomi,137.18
125,electronics.video.tv,artel,146.85
126,electronics.camera.video,gopro,231.41
127,appliances.kitchen.coffee_machine,delonghi,169.86
128,electronics.smartphone,samsung,139.68
129,electronics.smartphone,apple,949.47
130,electronics.smartphone,xiaomi,189.97
131,electronics.audio.headphone,xiaomi,22.8
132,appliances.kitchen.coffee_machine,delonghi,169.86
133,appliances.kitchen.coffee_machine,delonghi,169.86
134,appliances.kitchen.coffee_machine,delonghi,169.86
135,electronics.smartphone,samsung,223.95
136,electronics.smartphone,apple,1583.48
137,electronics.smartphone,oppo,178.87
138,electronics.smartphone,apple,531.26
139,electronics.smartphone,samsung,242.63
140,appliances.kitchen.blender,panasonic,83.14
141,electronics.smartphone,xiaomi,203.09
142,electronics.smartphone,apple,1348.61
143,electronics.smartphone,apple,949.47
144,electronics.smartphone,samsung,128.42
145,electronics.smartphone,samsung,242.63
146,electronics.smartphone,samsung,128.42
147,electronics.smartphone,apple,532.57
148,computers.peripherals.printer,epson,272.54
149,electronics.smartphone,samsung,362.29
150,electronics.smartphone,samsung,275.25
151,electronics.smartphone,xiaomi,280.57
152,electronics.smartphone,xiaomi,280.57
153,construction.components.faucet,decoroom,30.36
154,electronics.smartphone,xiaomi,203.09
155,electronics.audio.headphone,xiaomi,23.05
156,electronics.tablet,samsung,110.36
157,electronics.tablet,samsung,110.36
158,electronics.tablet,samsung,110.36
159,electronics.tablet,samsung,110.36
160,electronics.tablet,samsung,110.36
161,electronics.tablet,samsung,110.36
162,electronics.tablet,samsung,110.36
163,electronics.tablet,samsung,110.36
164,electronics.tablet,samsung,110.36
165,electronics.smartphone,xiaomi,94.46
166,electronics.smartphone,samsung,128.42
167,electronics.smartphone,samsung,242.63
168,electronics.smartphone,apple,949.47
169,electronics.audio.headphone,apple,160.57
170,electronics.smartphone,samsung,275.25
171,electronics.smartphone,bq,115.49
172,electronics.smartphone,oppo,179.12
173,electronics.smartphone,bq,115.49
174,electronics.smartphone,samsung,223.95
175,electronics.smartphone,samsung,128.42
176,electronics.smartphone,samsung,195.06
177,electronics.smartphone,apple,1108.44
178,electronics.smartphone,samsung,193.26
179,electronics.smartphone,samsung,242.63
180,electronics.smartphone,xiaomi,189.97
181,electronics.smartphone,samsung,193.02
182,electronics.smartphone,samsung,128.42
183,electronics.smartphone,samsung,275.25
184,electronics.smartphone,samsung,172.23
185,electronics.smartphone,apple,465.91
186,construction.tools.drill,dewalt,147.69
187,electronics.video.tv,samsung,411.59
188,electronics.smartphone,samsung,242.63
189,electronics.smartphone,samsung,128.42
190,electronics.smartphone,samsung,242.63
191,electronics.smartphone,apple,722.4
192,electronics.smartphone,xiaomi,94.7
193,electronics.smartphone,samsung,242.63
194,electronics.smartphone,samsung,139.64
195,electronics.tablet,samsung,110.36
196,electronics.smartphone,apple,949.47
197,electronics.smartphone,samsung,128.42
198,electronics.smartphone,apple,722.4
199,electronics.smartphone,samsung,128.42
200,electronics.smartphone,samsung,128.42
201,electronics.smartphone,samsung,242.63
202,electronics.tablet,samsung,110.36
203,electronics.audio.headphone,apple,160.57
204,electronics.smartphone,samsung,242.72
205,appliances.environment.vacuum,samsung,64.02
206,electronics.smartphone,samsung,172.23
207,electronics.smartphone,apple,458.28
208,electronics.smartphone,oppo,178.87
209,electronics.smartphone,samsung,172.23
210,electronics.smartphone,apple,1453.0
211,electronics.smartphone,apple,1453.0
212,electronics.smartphone,xiaomi,212.08
213,electronics.smartphone,xiaomi,150.97
214,electronics.audio.headphone,apple,188.94
215,appliances.kitchen.refrigerators,lg,463.07
216,appliances.environment.vacuum,samsung,64.02
217,electronics.smartphone,samsung,275.25
218,appliances.environment.vacuum,samsung,64.02
219,electronics.smartphone,samsung,275.25
220,electronics.smartphone,samsung,172.23
221,electronics.smartphone,apple,949.47
222,electronics.smartphone,apple,1672.89
223,electronics.smartphone,apple,458.28
224,electronics.smartphone,samsung,172.23
225,electronics.smartphone,apple,1672.89
226,appliances.environment.vacuum,samsung,64.02
227,electronics.smartphone,xiaomi,203.09
228,appliances.environment.water_heater,ariston,105.7
229,auto.accessories.alarm,starline,91.12
230,electronics.smartphone,xiaomi,142.84
231,electronics.smartphone,samsung,229.9
232,electronics.smartphone,samsung,128.42
233,electronics.smartphone,xiaomi,203.09
234,computers.notebook,acer,682.09
235,electronics.smartphone,apple,722.4
236,electronics.smartphone,samsung,1183.22
237,electronics.audio.headphone,apple,160.57
238,electronics.smartphone,samsung,139.68
239,electronics.smartphone,xiaomi,212.08
240,electronics.smartphone,samsung,139.68
241,electronics.audio.headphone,apple,160.57
242,electronics.smartphone,samsung,128.42
243,appliances.environment.water_heater,ariston,105.7
244,electronics.smartphone,samsung,128.42
245,appliances.kitchen.washer,indesit,205.67
246,electronics.smartphone,samsung,795.13
247,electronics.audio.headphone,apple,160.57
248,electronics.smartphone,apple,949.47
249,electronics.audio.headphone,apple,188.94
250,electronics.smartphone,apple,949.47
251,electronics.smartphone,apple,949.47
252,electronics.video.tv,samsung,488.8
253,electronics.smartphone,xiaomi,203.09
254,electronics.smartphone,samsung,128.42
255,electronics.audio.headphone,apple,188.94
256,electronics.smartphone,samsung,229.9
257,electronics.telephone,nokia,76.3
258,appliances.environment.water_heater,aqua,30.86
259,electronics.smartphone,huawei,125.61
260,electronics.smartphone,samsung,172.23
261,electronics.smartphone,samsung,128.42
262,electronics.smartphone,apple,458.28
263,electronics.smartphone,huawei,125.61
264,electronics.smartphone,samsung,128.42
265,electronics.smartphone,samsung,172.23
266,electronics.smartphone,samsung,172.23
267,electronics.smartphone,apple,465.91
268,electronics.smartphone,samsung,242.63
269,electronics.smartphone,xiaomi,281.71
270,electronics.smartphone,samsung,172.23
271,electronics.video.tv,samsung,488.8
272,electronics.video.tv,samsung,488.8
273,electronics.smartphone,samsung,193.02
274,electronics.smartphone,apple,973.41
275,electronics.smartphone,samsung,131.53
276,appliances.environment.vacuum,lg,188.14
277,electronics.audio.headphone,xiaomi,22.8
278,electronics.smartphone,samsung,717.39
279,electronics.smartphone,apple,722.4
280,electronics.smartphone,apple,722.4
281,appliances.environment.vacuum,lg,188.14
282,electronics.audio.headphone,apple,188.94
283,electronics.smartphone,apple,1348.61
284,computers.peripherals.mouse,steelseries,35.78
285,electronics.smartphone,apple,458.28
286,electronics.smartphone,samsung,717.39
287,computers.peripherals.mouse,steelseries,35.78
288,electronics.smartphone,apple,591.25
289,electronics.audio.headphone,apple,188.94
290,electronics.audio.headphone,apple,160.57
291,electronics.smartphone,apple,1348.61
292,computers.peripherals.mouse,steelseries,35.78
293,computers.peripherals.mouse,steelseries,35.78
294,electronics.smartphone,apple,720.47
295,electronics.smartphone,samsung,229.9
296,electronics.video.tv,samsung,488.8
297,electronics.smartphone,xiaomi,142.84
298,electronics.smartphone,samsung,172.22
299,auto.accessories.alarm,starline,121.24
300,electronics.clocks,samsung,290.82
301,electronics.smartphone,samsung,172.22
302,electronics.smartphone,samsung,195.06
303,electronics.smartphone,apple,1348.61
304,electronics.audio.headphone,apple,30.84
305,electronics.smartphone,xiaomi,308.61
306,electronics.smartphone,samsung,172.23
307,electronics.smartphone,samsung,139.64
308,electronics.smartphone,apple,531.26
309,electronics.audio.headphone,xiaomi,22.8
310,appliances.environment.vacuum,lg,188.14
311,electronics.smartphone,apple,1591.08
312,electronics.audio.headphone,apple,30.84
313,electronics.smartphone,apple,787.5
314,electronics.smartphone,xiaomi,85.88
315,electronics.smartphone,apple,531.26
316,electronics.smartphone,xiaomi,94.46
317,electronics.smartphone,apple,458.28
318,electronics.smartphone,xiaomi,212.08
319,electronics.audio.headphone,apple,160.57
320,construction.tools.drill,total,72.99
321,auto.accessories.alarm,cenmax,69.44
322,electronics.smartphone,apple,577.89
323,electronics.smartphone,xiaomi,94.46
324,electronics.smartphone,apple,928.18
325,electronics.smartphone,xiaomi,212.08
326,electronics.smartphone,apple,1665.36
327,electronics.audio.headphone,xiaomi,22.8
328,electronics.smartphone,xiaomi,94.46
329,electronics.smartphone,apple,531.26
330,construction.tools.saw,huter,87.52
331,construction.tools.saw,huter,87.52
332,electronics.smartphone,apple,722.4
333,electronics.smartphone,huawei,164.95
334,electronics.smartphone,xiaomi,150.97
335,electronics.smartphone,xiaomi,212.08
336,electronics.smartphone,samsung,242.63
337,electronics.telephone,philips,48.62
338,electronics.smartphone,samsung,172.23
339,electronics.smartphone,samsung,242.63
340,appliances.kitchen.washer,indesit,205.67
341,electronics.audio.headphone,elari,61.65
342,electronics.smartphone,xiaomi,212.08
343,electronics.audio.headphone,elari,61.65
344,construction.tools.saw,huter,87.52
345,electronics.smartphone,apple,358.31
346,electronics.smartphone,apple,973.41
347,electronics.audio.headphone,apple,160.57
348,electronics.audio.headphone,apple,160.57
349,electronics.smartphone,samsung,717.39
350,electronics.smartphone,samsung,128.42
351,electronics.smartphone,samsung,229.9
352,construction.tools.drill,total,72.99
353,appliances.kitchen.refrigerators,lg,463.07
354,electronics.smartphone,oppo,256.74
355,appliances.kitchen.washer,beko,210.73
356,construction.tools.saw,huter,87.52
357,electronics.smartphone,apple,531.26
358,electronics.smartphone,apple,531.26
359,electronics.audio.headphone,xiaomi,22.8
360,electronics.smartphone,apple,531.26
361,construction.tools.saw,huter,87.52
362,construction.tools.saw,huter,87.52
363,electronics.telephone,nokia,76.3
364,appliances.kitchen.kettle,redmond,31.76
365,electronics.smartphone,samsung,242.63
366,electronics.audio.headphone,samsung,107.45
367,appliances.kitchen.hood,midea,127.39
368,electronics.audio.headphone,samsung,107.45
369,electronics.telephone,nokia,94.66
370,electronics.video.tv,samsung,369.45
371,electronics.smartphone,apple,949.47
372,electronics.smartphone,samsung,275.25
373,electronics.smartphone,apple,949.47
374,construction.tools.saw,huter,87.52
375,electronics.audio.headphone,samsung,107.45
376,electronics.audio.headphone,jbl,8.49
377,electronics.smartphone,xiaomi,189.97
378,electronics.smartphone,xiaomi,308.44
379,electronics.smartphone,xiaomi,211.92
380,electronics.smartphone,samsung,128.42
381,electronics.telephone,nokia,76.3
382,electronics.smartphone,xiaomi,280.57
383,electronics.smartphone,samsung,242.63
384,electronics.smartphone,apple,458.28
385,electronics.telephone,nokia,76.3
386,electronics.smartphone,xiaomi,211.92
387,electronics.smartphone,apple,1027.59
388,electronics.smartphone,samsung,275.25
389,appliances.environment.vacuum,samsung,64.02
390,electronics.smartphone,xiaomi,330.63
391,electronics.smartphone,apple,1027.59
392,appliances.environment.vacuum,samsung,64.02
393,electronics.smartphone,apple,949.47
394,electronics.smartphone,apple,1348.61
395,electronics.smartphone,apple,1348.61
396,electronics.smartphone,samsung,229.9
397,electronics.smartphone,apple,458.28
398,electronics.smartphone,samsung,242.63
399,construction.tools.saw,huter,87.52
400,electronics.smartphone,apple,458.28
401,construction.tools.saw,huter,87.52
402,electronics.smartphone,samsung,172.23
403,electronics.smartphone,samsung,172.23
404,electronics.smartphone,huawei,164.95
405,construction.tools.saw,huter,87.52
406,construction.tools.saw,huter,87.52
407,construction.tools.saw,huter,87.52
408,electronics.smartphone,huawei,266.0
409,electronics.smartphone,apple,1348.61
410,construction.tools.saw,huter,87.52
411,electronics.smartphone,samsung,172.23
412,electronics.smartphone,samsung,360.32
413,electronics.smartphone,samsung,172.23
414,electronics.smartphone,samsung,139.64
415,electronics.smartphone,samsung,362.29
416,appliances.sewing_machine,brother,100.47
417,appliances.kitchen.grill,redmond,77.17
418,electronics.smartphone,samsung,139.64
419,electronics.smartphone,samsung,139.64
420,electronics.smartphone,apple,949.47
421,electronics.smartphone,xiaomi,212.08
422,electronics.audio.headphone,xiaomi,22.8
423,electronics.smartphone,samsung,88.29
424,electronics.audio.headphone,apple,188.94
425,appliances.environment.water_heater,ariston,105.7
426,appliances.kitchen.refrigerators,indesit,272.8
427,electronics.smartphone,samsung,139.68
428,electronics.audio.headphone,samsung,115.78
429,appliances.environment.vacuum,lg,188.14
430,electronics.smartphone,samsung,172.23
431,electronics.audio.headphone,samsung,115.78
432,electronics.smartphone,apple,358.31
433,electronics.smartphone,samsung,172.23
434,electronics.smartphone,huawei,91.32
435,electronics.smartphone,xiaomi,212.08
436,electronics.smartphone,apple,577.89
437,electronics.smartphone,apple,358.31
438,appliances.environment.vacuum,bosch,105.02
439,electronics.smartphone,apple,577.89
440,electronics.smartphone,apple,577.89
441,electronics.smartphone,samsung,128.42
442,electronics.smartphone,apple,949.47
443,electronics.smartphone,samsung,242.63
444,electronics.smartphone,samsung,172.23
445,electronics.clocks,samsung,151.61
446,electronics.smartphone,samsung,172.23
447,electronics.smartphone,samsung,128.42
448,appliances.environment.water_heater,ariston,105.7
449,electronics.smartphone,samsung,242.63
450,electronics.smartphone,oppo,463.28
451,electronics.smartphone,samsung,139.68
452,electronics.smartphone,apple,949.47
453,electronics.smartphone,apple,532.57
454,computers.ebooks,pocketbook,100.13
455,electronics.smartphone,samsung,362.29
456,electronics.smartphone,xiaomi,181.12
457,electronics.smartphone,meizu,69.24
458,electronics.smartphone,apple,1665.36
459,electronics.smartphone,samsung,139.64
460,electronics.smartphone,samsung,128.42
461,electronics.smartphone,apple,531.26
462,electronics.smartphone,samsung,88.24
463,electronics.video.tv,lg,459.16
464,electronics.smartphone,samsung,1142.62
465,electronics.smartphone,apple,458.28
466,electronics.smartphone,samsung,88.29
467,electronics.audio.headphone,apple,160.57
468,electronics.smartphone,apple,591.25
469,electronics.smartphone,samsung,275.25
470,electronics.smartphone,apple,749.67
471,electronics.smartphone,oppo,308.45
472,electronics.smartphone,apple,1013.86
473,electronics.smartphone,samsung,172.23
474,electronics.clocks,samsung,290.82
475,electronics.smartphone,samsung,139.64
476,electronics.smartphone,samsung,128.42
477,electronics.smartphone,samsung,88.24
478,electronics.smartphone,samsung,128.42
479,electronics.smartphone,oppo,178.87
480,electronics.smartphone,apple,949.47
481,electronics.video.tv,samsung,1029.37
482,electronics.smartphone,samsung,275.25
483,electronics.smartphone,apple,928.18
484,electronics.smartphone,oppo,178.87
485,electronics.smartphone,samsung,128.42
486,electronics.smartphone,oppo,308.45
487,electronics.smartphone,samsung,88.24
488,electronics.smartphone,apple,949.47
489,electronics.audio.headphone,apple,188.94
490,electronics.smartphone,samsung,128.42
491,electronics.smartphone,xiaomi,189.97
492,electronics.smartphone,samsung,128.42
493,electronics.audio.headphone,apple,160.57
494,electronics.smartphone,apple,732.07
495,electronics.clocks,aimoto,54.06
496,electronics.smartphone,apple,787.5
497,electronics.smartphone,samsung,242.72
498,electronics.smartphone,samsung,229.9
499,electronics.smartphone,samsung,229.9
500,electronics.smartphone,samsung,128.42
501,electronics.smartphone,samsung,275.25
502,electronics.clocks,apple,529.69
503,electronics.smartphone,samsung,139.68
504,electronics.smartphone,apple,358.31
505,electronics.smartphone,apple,458.28
506,electronics.smartphone,samsung,242.72
507,electronics.smartphone,apple,458.28
508,electronics.smartphone,apple,732.07
509,electronics.smartphone,apple,458.28
510,computers.notebook,acer,630.39
511,electronics.smartphone,apple,722.4
512,electronics.smartphone,samsung,275.25
513,electronics.smartphone,samsung,172.23
514,electronics.smartphone,samsung,128.42
515,auto.accessories.radar,ibox,62.78
516,electronics.smartphone,huawei,106.56
517,electronics.smartphone,huawei,106.56
518,electronics.smartphone,samsung,128.42
519,electronics.smartphone,huawei,230.93
520,electronics.video.tv,artel,146.85
521,electronics.smartphone,huawei,106.56
522,electronics.tablet,samsung,109.36
523,electronics.smartphone,samsung,1133.36
524,electronics.smartphone,samsung,362.29
525,electronics.smartphone,apple,949.47
526,electronics.smartphone,samsung,223.95
527,electronics.smartphone,apple,722.4
528,electronics.smartphone,huawei,106.56
529,auto.accessories.alarm,starline,121.24
530,electronics.smartphone,samsung,273.56
531,electronics.smartphone,samsung,242.63
532,electronics.smartphone,samsung,242.63
533,electronics.smartphone,samsung,172.23
534,appliances.kitchen.refrigerators,indesit,308.61
535,electronics.smartphone,apple,577.89
536,appliances.environment.vacuum,samsung,64.02
537,electronics.smartphone,samsung,195.06
538,electronics.smartphone,apple,458.28
539,appliances.kitchen.refrigerators,indesit,308.61
540,electronics.smartphone,apple,458.28
541,electronics.smartphone,samsung,172.23
542,electronics.smartphone,xiaomi,405.85
543,electronics.smartphone,xiaomi,189.97
544,electronics.smartphone,samsung,195.06
545,electronics.smartphone,apple,949.47
546,electronics.smartphone,huawei,164.95
547,electronics.smartphone,apple,949.47
548,electronics.audio.headphone,apple,160.57
549,auto.accessories.videoregister,neoline,105.12
550,electronics.smartphone,xiaomi,330.63
551,electronics.clocks,samsung,290.82
552,electronics.clocks,apple,453.16
553,electronics.smartphone,apple,928.18
554,electronics.smartphone,xiaomi,330.63
555,auto.accessories.videoregister,neoline,105.12
556,electronics.video.tv,artel,146.85
557,electronics.smartphone,samsung,128.42
558,electronics.smartphone,samsung,195.06
559,electronics.smartphone,apple,722.4
560,electronics.video.tv,samsung,488.8
561,electronics.smartphone,samsung,362.29
562,electronics.smartphone,apple,949.47
563,electronics.smartphone,xiaomi,269.78
564,electronics.smartphone,samsung,242.63
565,electronics.smartphone,samsung,275.25
566,electronics.smartphone,xiaomi,212.08
567,electronics.audio.headphone,samsung,107.45
568,electronics.smartphone,apple,722.4
569,electronics.clocks,samsung,290.82
570,electronics.smartphone,samsung,128.42
571,electronics.smartphone,apple,722.4
572,computers.components.hdd,samsung,101.16
573,electronics.smartphone,huawei,266.0
574,electronics.smartphone,samsung,128.42
575,electronics.smartphone,samsung,128.42
576,electronics.smartphone,samsung,128.42
577,electronics.smartphone,samsung,242.63
578,electronics.smartphone,samsung,128.42
579,electronics.smartphone,samsung,128.42
580,electronics.smartphone,samsung,128.42
581,electronics.smartphone,samsung,242.63
582,electronics.smartphone,samsung,128.42
583,electronics.smartphone,xiaomi,308.61
584,appliances.kitchen.washer,samsung,306.05
585,auto.accessories.radar,ibox,62.78
586,electronics.video.tv,samsung,261.65
587,electronics.smartphone,apple,722.4
588,electronics.clocks,apple,455.23
589,electronics.smartphone,apple,949.47
590,electronics.smartphone,oppo,128.68
591,electronics.smartphone,samsung,139.68
592,electronics.audio.headphone,apple,160.57
593,electronics.smartphone,huawei,164.95
594,electronics.clocks,samsung,290.82
595,electronics.smartphone,samsung,275.25
596,electronics.audio.headphone,apple,188.94
597,electronics.smartphone,samsung,139.68
598,electronics.smartphone,apple,577.89
599,electronics.smartphone,apple,949.47
600,electronics.clocks,samsung,290.82
601,electronics.smartphone,apple,1337.23
602,electronics.smartphone,huawei,106.56
603,electronics.smartphone,apple,2011.63
604,electronics.smartphone,samsung,229.9
605,electronics.smartphone,samsung,503.09
606,electronics.smartphone,samsung,139.68
607,auto.accessories.player,alpine,159.59
608,electronics.smartphone,apple,722.4
609,electronics.smartphone,samsung,195.06
610,electronics.smartphone,xiaomi,218.54
611,electronics.smartphone,xiaomi,212.08
612,electronics.smartphone,samsung,139.68
613,electronics.smartphone,samsung,717.39
614,electronics.smartphone,huawei,106.56
615,electronics.smartphone,apple,949.47
616,electronics.smartphone,huawei,244.51
617,appliances.sewing_machine,janome,145.36
618,electronics.smartphone,huawei,164.95
619,electronics.smartphone,samsung,1133.36
620,electronics.smartphone,samsung,139.68
621,electronics.smartphone,samsung,128.42
622,electronics.smartphone,samsung,139.68
623,electronics.smartphone,apple,749.67
624,electronics.smartphone,apple,928.18
625,electronics.smartphone,samsung,195.06
626,electronics.smartphone,huawei,92.15
627,electronics.smartphone,xiaomi,218.54
628,electronics.smartphone,xiaomi,218.54
629,electronics.video.tv,samsung,369.45
630,electronics.smartphone,apple,1348.61
631,electronics.smartphone,oppo,178.87
632,electronics.smartphone,huawei,244.51
633,electronics.smartphone,samsung,275.25
634,electronics.smartphone,apple,358.31
635,electronics.smartphone,xiaomi,218.54
636,electronics.smartphone,samsung,242.63
637,electronics.smartphone,apple,458.28
638,electronics.smartphone,samsung,242.63
639,electronics.smartphone,xiaomi,218.54
640,electronics.smartphone,samsung,139.64
641,appliances.personal.hair_cutter,remington,37.82
642,electronics.smartphone,samsung,172.23
643,electronics.smartphone,huawei,151.99
644,electronics.smartphone,samsung,242.63
645,electronics.smartphone,huawei,125.61
646,electronics.smartphone,apple,1348.61
647,electronics.smartphone,xiaomi,212.08
648,electronics.smartphone,huawei,164.95
649,electronics.smartphone,samsung,193.02
650,electronics.smartphone,xiaomi,475.48
651,appliances.kitchen.refrigerators,lg,463.07
652,electronics.smartphone,xiaomi,475.48
653,electronics.smartphone,samsung,229.9
654,electronics.smartphone,xiaomi,189.97
655,electronics.smartphone,samsung,242.63
656,electronics.smartphone,samsung,242.63
657,electronics.audio.headphone,samsung,107.45
658,electronics.smartphone,apple,722.4
659,electronics.smartphone,samsung,229.9
660,electronics.smartphone,huawei,151.99
661,kids.carriage,wingoffly,115.13
662,electronics.smartphone,huawei,164.95
663,electronics.smartphone,xiaomi,218.54
664,electronics.smartphone,huawei,151.99
665,electronics.smartphone,apple,1027.59
666,electronics.audio.headphone,apple,188.94
667,electronics.smartphone,samsung,242.63
668,electronics.smartphone,samsung,242.63
669,electronics.smartphone,samsung,128.42
670,electronics.smartphone,apple,722.4
671,electronics.smartphone,huawei,266.0
672,electronics.smartphone,samsung,275.25
673,appliances.kitchen.microwave,samsung,97.04
674,electronics.smartphone,apple,722.4
675,electronics.smartphone,samsung,128.42
676,appliances.kitchen.microwave,samsung,97.04
677,electronics.smartphone,xiaomi,218.54
678,electronics.smartphone,samsung,242.63
679,electronics.smartphone,xiaomi,212.08
680,electronics.smartphone,xiaomi,85.88
681,electronics.smartphone,apple,949.47
682,electronics.audio.headphone,xiaomi,22.8
683,electronics.smartphone,samsung,170.14
684,electronics.smartphone,apple,787.5
685,electronics.smartphone,xiaomi,189.97
686,electronics.smartphone,samsung,172.23
687,electronics.audio.headphone,xiaomi,23.05
688,electronics.smartphone,huawei,164.84
689,electronics.smartphone,samsung,229.9
690,electronics.smartphone,samsung,717.39
691,electronics.smartphone,huawei,254.71
692,electronics.smartphone,xiaomi,189.97
693,electronics.smartphone,apple,1027.59
694,electronics.video.tv,samsung,437.25
695,electronics.smartphone,huawei,92.15
696,electronics.smartphone,huawei,92.15
697,electronics.smartphone,xiaomi,181.12
698,electronics.smartphone,xiaomi,189.97
699,electronics.smartphone,samsung,172.23
700,electronics.smartphone,apple,591.25
701,electronics.smartphone,samsung,172.23
702,electronics.smartphone,samsung,172.23
703,electronics.smartphone,samsung,172.23
704,electronics.smartphone,samsung,172.23
705,electronics.smartphone,huawei,266.0
706,electronics.smartphone,meizu,87.15
707,electronics.smartphone,xiaomi,218.54
708,electronics.smartphone,apple,358.31
709,electronics.audio.headphone,marshall,74.62
710,electronics.video.tv,samsung,369.45
711,electronics.smartphone,samsung,223.95
712,electronics.smartphone,xiaomi,218.54
713,electronics.audio.headphone,apple,160.57
714,electronics.smartphone,xiaomi,308.44
715,electronics.smartphone,xiaomi,94.46
716,electronics.smartphone,samsung,172.23
717,electronics.smartphone,samsung,172.23
718,electronics.smartphone,samsung,172.23
719,electronics.smartphone,samsung,172.23
720,electronics.smartphone,oppo,128.68
721,electronics.smartphone,xiaomi,212.08
722,electronics.smartphone,samsung,193.26
723,electronics.smartphone,samsung,193.26
724,electronics.smartphone,apple,1485.98
725,electronics.smartphone,samsung,275.25
726,electronics.smartphone,xiaomi,94.46
727,electronics.smartphone,xiaomi,181.12
728,electronics.smartphone,samsung,275.25
729,electronics.smartphone,samsung,193.26
730,electronics.smartphone,samsung,193.26
731,computers.peripherals.printer,epson,116.55
732,electronics.smartphone,samsung,172.23
733,electronics.smartphone,xiaomi,203.09
734,electronics.smartphone,samsung,128.42
735,electronics.smartphone,xiaomi,94.46
736,electronics.smartphone,samsung,128.42
737,electronics.smartphone,samsung,275.25
738,electronics.smartphone,xiaomi,218.54
739,electronics.smartphone,samsung,88.29
740,electronics.smartphone,xiaomi,218.54
741,electronics.smartphone,samsung,362.29
742,electronics.smartphone,samsung,128.42
743,electronics.smartphone,apple,949.47
744,electronics.smartphone,apple,732.07
745,electronics.smartphone,samsung,242.63
746,electronics.smartphone,samsung,88.29
747,electronics.smartphone,samsung,242.63
748,electronics.smartphone,apple,358.31
749,electronics.smartphone,samsung,128.42
750,electronics.smartphone,apple,1629.04
751,electronics.smartphone,xiaomi,218.54
752,electronics.smartphone,samsung,172.23
753,electronics.smartphone,samsung,172.23
754,electronics.smartphone,huawei,149.28
755,electronics.audio.headphone,apple,160.57
756,electronics.smartphone,huawei,151.99
757,electronics.smartphone,samsung,128.42
758,electronics.smartphone,apple,458.28
759,electronics.smartphone,huawei,230.93
760,appliances.kitchen.microwave,samsung,97.04
761,electronics.smartphone,xiaomi,203.09
762,electronics.smartphone,huawei,266.0
763,electronics.smartphone,apple,743.04
764,electronics.smartphone,samsung,128.42
765,appliances.kitchen.washer,indesit,200.66
766,electronics.smartphone,huawei,230.93
767,electronics.smartphone,apple,949.47
768,electronics.audio.headphone,xiaomi,22.8
769,electronics.smartphone,samsung,128.42
770,electronics.smartphone,apple,928.18
771,electronics.smartphone,huawei,266.0
772,electronics.clocks,apple,453.16
773,electronics.smartphone,samsung,128.42
774,electronics.smartphone,xiaomi,167.29
775,electronics.smartphone,samsung,128.42
776,electronics.smartphone,samsung,275.25
777,electronics.smartphone,huawei,108.98
778,electronics.smartphone,samsung,88.29
779,electronics.smartphone,apple,532.57
780,electronics.smartphone,huawei,266.0
781,electronics.smartphone,samsung,88.29
782,electronics.smartphone,oppo,178.87
783,electronics.smartphone,apple,1364.0
784,electronics.smartphone,apple,1558.25
785,electronics.smartphone,xiaomi,203.09
786,electronics.smartphone,samsung,229.9
787,electronics.smartphone,samsung,275.25
788,electronics.smartphone,samsung,242.63
789,electronics.smartphone,huawei,266.0
790,electronics.smartphone,samsung,131.53
791,electronics.smartphone,apple,358.31
792,electronics.smartphone,xiaomi,203.09
793,electronics.smartphone,xiaomi,218.54
794,auto.accessories.radar,playme,102.71
795,electronics.smartphone,huawei,266.0
796,electronics.smartphone,xiaomi,218.54
797,electronics.smartphone,apple,458.28
798,electronics.clocks,samsung,257.87
799,electronics.smartphone,apple,458.28
800,electronics.smartphone,apple,1364.0
801,electronics.smartphone,apple,458.28
802,electronics.smartphone,samsung,242.63
803,electronics.smartphone,samsung,275.25
804,electronics.smartphone,samsung,242.63
805,electronics.smartphone,samsung,242.72
806,electronics.smartphone,samsung,242.72
807,electronics.smartphone,samsung,242.72
808,electronics.smartphone,samsung,242.72
809,electronics.smartphone,samsung,242.72
810,computers.notebook,acer,283.09
811,electronics.audio.headphone,apple,160.57
812,construction.tools.generator,huter,213.36
813,electronics.smartphone,samsung,242.72
814,electronics.smartphone,samsung,242.72
815,electronics.smartphone,huawei,266.0
816,electronics.smartphone,samsung,362.29
817,electronics.smartphone,samsung,172.23
818,electronics.smartphone,samsung,172.23
819,electronics.smartphone,apple,722.4
820,electronics.audio.headphone,apple,188.94
821,electronics.smartphone,xiaomi,94.46
822,electronics.smartphone,samsung,242.72
823,electronics.smartphone,samsung,128.42
824,electronics.smartphone,samsung,362.29
825,computers.notebook,acer,283.09
826,electronics.smartphone,samsung,242.72
827,electronics.smartphone,apple,458.28
828,electronics.audio.headphone,samsung,107.45
829,electronics.video.tv,lg,681.56
830,electronics.smartphone,samsung,242.72
831,electronics.audio.headphone,samsung,107.45
832,electronics.smartphone,samsung,172.23
833,electronics.smartphone,xiaomi,189.97
834,electronics.audio.headphone,xiaomi,22.8
835,electronics.smartphone,samsung,172.23
836,electronics.smartphone,xiaomi,94.46
837,electronics.audio.headphone,xiaomi,22.8
838,electronics.smartphone,apple,722.4
839,electronics.smartphone,xiaomi,203.09
840,electronics.smartphone,samsung,229.9
841,electronics.smartphone,samsung,275.25
842,electronics.smartphone,samsung,88.29
843,electronics.smartphone,samsung,242.72
844,electronics.smartphone,samsung,275.25
845,electronics.smartphone,samsung,275.25
846,electronics.smartphone,samsung,172.23
847,electronics.smartphone,xiaomi,330.63
848,electronics.smartphone,xiaomi,189.97
849,electronics.smartphone,samsung,88.24
850,computers.components.memory,amd,21.85
851,electronics.smartphone,xiaomi,189.97
852,electronics.smartphone,apple,722.4
853,electronics.smartphone,xiaomi,330.63
854,electronics.smartphone,samsung,88.24
855,electronics.audio.headphone,defender,6.46
856,electronics.smartphone,samsung,88.24
857,electronics.smartphone,samsung,242.63
858,electronics.smartphone,samsung,195.06
859,electronics.smartphone,samsung,275.25
860,electronics.smartphone,samsung,242.63
861,electronics.smartphone,huawei,266.0
862,computers.peripherals.monitor,hp,101.16
863,computers.peripherals.monitor,hp,101.16
864,electronics.smartphone,samsung,88.24
865,electronics.smartphone,samsung,88.24
866,computers.peripherals.monitor,hp,101.16
867,electronics.smartphone,apple,949.47
868,computers.peripherals.monitor,hp,101.16
869,computers.peripherals.monitor,hp,101.16
870,appliances.environment.vacuum,samsung,64.02
871,electronics.smartphone,samsung,88.29
872,electronics.video.tv,samsung,488.8
873,electronics.smartphone,samsung,88.24
874,electronics.video.tv,samsung,488.8
875,electronics.smartphone,apple,458.28
876,electronics.smartphone,apple,722.4
877,electronics.smartphone,xiaomi,212.08
878,electronics.smartphone,samsung,275.25
879,electronics.smartphone,xiaomi,189.97
880,electronics.video.tv,lg,419.15
881,electronics.smartphone,samsung,172.23
882,electronics.smartphone,xiaomi,212.08
883,electronics.smartphone,samsung,172.23
884,electronics.smartphone,samsung,242.63
885,electronics.smartphone,samsung,275.25
886,electronics.clocks,apple,552.14
887,electronics.smartphone,samsung,242.63
888,electronics.smartphone,samsung,275.25
889,electronics.audio.headphone,apple,160.57
890,appliances.environment.vacuum,samsung,64.02
891,appliances.kitchen.refrigerators,lg,547.28
892,electronics.smartphone,samsung,242.63
893,electronics.smartphone,samsung,242.63
894,kids.toys,chicco,43.73
895,electronics.smartphone,samsung,216.18
896,electronics.smartphone,samsung,242.63
897,electronics.audio.headphone,apple,160.57
898,electronics.smartphone,samsung,172.23
899,electronics.smartphone,xiaomi,360.11
900,electronics.smartphone,samsung,242.63
901,electronics.smartphone,samsung,128.42
902,electronics.smartphone,oppo,256.74
903,electronics.smartphone,samsung,242.63
904,electronics.video.tv,samsung,488.8
905,electronics.smartphone,apple,531.26
906,electronics.smartphone,xiaomi,138.71
907,electronics.smartphone,samsung,172.23
908,electronics.smartphone,samsung,275.25
909,electronics.video.tv,tcl,257.33
910,electronics.smartphone,samsung,242.63
911,electronics.smartphone,samsung,172.23
912,electronics.smartphone,samsung,172.23
913,electronics.smartphone,samsung,172.23
914,electronics.smartphone,apple,531.26
915,electronics.smartphone,samsung,242.63
916,electronics.smartphone,xiaomi,189.97
917,electronics.smartphone,samsung,242.63
918,electronics.smartphone,xiaomi,189.97
919,electronics.smartphone,apple,720.47
920,appliances.environment.vacuum,bosch,102.94
921,appliances.environment.vacuum,bosch,102.94
922,electronics.smartphone,apple,787.5
923,electronics.smartphone,samsung,242.63
924,electronics.smartphone,samsung,275.25
925,appliances.kitchen.washer,midea,102.42
926,electronics.clocks,aimoto,54.06
927,electronics.audio.headphone,apple,160.57
928,electronics.smartphone,samsung,275.25
929,electronics.smartphone,samsung,275.25
930,electronics.smartphone,apple,531.26
931,electronics.smartphone,samsung,275.25
932,electronics.smartphone,apple,531.26
933,electronics.smartphone,apple,358.31
934,electronics.smartphone,samsung,242.63
935,appliances.environment.vacuum,samsung,108.09
936,electronics.smartphone,xiaomi,138.71
937,electronics.smartphone,samsung,275.25
938,electronics.smartphone,samsung,242.63
939,electronics.smartphone,xiaomi,280.57
940,electronics.smartphone,apple,531.26
941,electronics.smartphone,samsung,172.23
942,electronics.smartphone,samsung,172.23
943,electronics.smartphone,xiaomi,282.88
944,electronics.smartphone,huawei,106.56
945,electronics.smartphone,samsung,195.06
946,electronics.smartphone,apple,949.47
947,electronics.smartphone,huawei,106.56
948,electronics.smartphone,xiaomi,212.08
949,electronics.smartphone,xiaomi,140.82
950,electronics.audio.headphone,apple,160.57
951,electronics.video.tv,samsung,591.7
952,electronics.smartphone,samsung,172.23
953,electronics.smartphone,apple,1067.98
954,electronics.smartphone,huawei,106.56
955,electronics.smartphone,huawei,106.56
956,electronics.smartphone,oppo,178.87
957,auto.accessories.alarm,starline,157.53
958,electronics.smartphone,huawei,106.56
959,electronics.smartphone,apple,1665.36
960,electronics.audio.headphone,apple,160.57
961,electronics.video.tv,lg,385.85
962,electronics.smartphone,samsung,172.23
963,electronics.telephone,panasonic,32.69
964,appliances.kitchen.microwave,arg,56.6
965,appliances.kitchen.microwave,arg,56.6
966,appliances.kitchen.microwave,arg,56.6
967,appliances.kitchen.microwave,arg,56.6
968,appliances.kitchen.microwave,lg,90.17
969,appliances.kitchen.microwave,arg,56.6
970,electronics.smartphone,samsung,172.23
971,electronics.smartphone,apple,1013.86
972,electronics.smartphone,xiaomi,137.18
973,electronics.smartphone,oppo,179.12
974,electronics.smartphone,apple,1027.44
975,electronics.smartphone,samsung,172.23
976,electronics.smartphone,xiaomi,218.54
977,electronics.smartphone,xiaomi,218.54
978,electronics.smartphone,oppo,178.87
979,electronics.smartphone,samsung,229.9
980,electronics.smartphone,samsung,275.25
981,electronics.smartphone,xiaomi,282.88
982,electronics.smartphone,samsung,275.25
983,electronics.smartphone,huawei,108.98
984,auto.accessories.alarm,starline,157.53
985,electronics.smartphone,samsung,195.06
986,electronics.clocks,apple,529.69
987,electronics.smartphone,apple,1665.36
988,electronics.smartphone,apple,1455.57
989,electronics.smartphone,apple,949.47
990,electronics.smartphone,samsung,275.25
991,electronics.smartphone,apple,1665.36
992,electronics.smartphone,samsung,195.06
993,electronics.smartphone,apple,722.4
994,electronics.video.tv,lg,385.85
995,electronics.smartphone,huawei,106.56
996,electronics.smartphone,samsung,242.63
997,electronics.smartphone,samsung,195.06
998,electronics.smartphone,apple,1364.0
999,electronics.video.tv,lg,385.85
1000,electronics.video.tv,samsung,475.91
1001,electronics.smartphone,samsung,242.63
1002,computers.notebook,acer,386.08
1003,electronics.smartphone,huawei,106.56
1004,electronics.smartphone,xiaomi,203.09
1005,electronics.smartphone,apple,1337.23
1006,electronics.smartphone,samsung,229.9
1007,electronics.smartphone,apple,1453.0
1008,auto.accessories.alarm,starline,157.53
1009,electronics.smartphone,samsung,275.25
1010,electronics.smartphone,xiaomi,218.54
1011,auto.accessories.alarm,starline,157.53
1012,electronics.smartphone,oppo,178.87
1013,electronics.smartphone,samsung,139.64
1014,electronics.smartphone,samsung,88.29
1015,electronics.smartphone,xiaomi,189.97
1016,electronics.smartphone,apple,722.4
1017,electronics.smartphone,huawei,164.95
1018,electronics.smartphone,samsung,242.72
1019,electronics.smartphone,samsung,172.23
1020,electronics.smartphone,apple,949.47
1021,electronics.smartphone,apple,949.47
1022,electronics.smartphone,samsung,211.61
1023,electronics.video.tv,samsung,563.41
1024,electronics.smartphone,apple,949.47
1025,electronics.smartphone,xiaomi,111.56
1026,electronics.smartphone,xiaomi,308.44
1027,electronics.smartphone,samsung,172.23
1028,appliances.environment.water_heater,ariston,126.77
1029,electronics.smartphone,samsung,172.23
1030,electronics.smartphone,samsung,172.23
1031,electronics.smartphone,samsung,211.61
1032,electronics.smartphone,samsung,172.23
1033,construction.tools.drill,bosch,85.94
1034,electronics.smartphone,samsung,275.25
1035,electronics.smartphone,samsung,128.42
1036,electronics.smartphone,oppo,178.87
1037,electronics.smartphone,samsung,139.68
1038,electronics.smartphone,xiaomi,308.44
1039,electronics.smartphone,samsung,242.63
1040,electronics.smartphone,samsung,193.02
1041,electronics.tablet,samsung,469.84
1042,electronics.clocks,apple,427.17
1043,electronics.smartphone,apple,1013.86
1044,electronics.smartphone,apple,732.07
1045,electronics.smartphone,samsung,242.72
1046,electronics.smartphone,samsung,172.23
1047,auto.accessories.alarm,starline,157.53
1048,kids.carriage,wingoffly,115.13
1049,electronics.smartphone,huawei,106.56
1050,auto.accessories.alarm,starline,157.53
1051,electronics.smartphone,xiaomi,212.08
1052,electronics.smartphone,samsung,362.29
1053,appliances.environment.water_heater,ariston,126.77
1054,electronics.smartphone,samsung,172.23
1055,electronics.smartphone,samsung,229.9
1056,electronics.smartphone,samsung,273.56
1057,electronics.smartphone,huawei,106.56
1058,auto.accessories.alarm,starline,121.24
1059,electronics.smartphone,apple,1091.33
1060,electronics.smartphone,apple,1348.61
1061,electronics.audio.headphone,xiaomi,22.8
1062,electronics.smartphone,samsung,717.39
1063,electronics.smartphone,oppo,179.12
1064,electronics.smartphone,samsung,717.39
1065,electronics.smartphone,xiaomi,280.57
1066,electronics.smartphone,apple,358.31
1067,electronics.smartphone,apple,358.31
1068,electronics.smartphone,samsung,88.24
1069,electronics.smartphone,samsung,273.56
1070,electronics.smartphone,apple,531.26
1071,electronics.audio.headphone,apple,160.57
1072,electronics.smartphone,apple,1013.86
1073,electronics.smartphone,apple,949.47
1074,electronics.smartphone,apple,358.31
1075,electronics.smartphone,samsung,172.23
1076,appliances.environment.water_heater,ariston,112.13
1077,electronics.smartphone,apple,458.28
1078,electronics.smartphone,samsung,193.29
1079,electronics.smartphone,apple,591.25
1080,electronics.smartphone,samsung,229.9
1081,electronics.smartphone,samsung,128.42
1082,electronics.smartphone,samsung,360.32
1083,appliances.environment.vacuum,samsung,92.41
1084,electronics.smartphone,huawei,164.95
1085,electronics.smartphone,apple,949.47
1086,electronics.smartphone,apple,949.47
1087,electronics.smartphone,samsung,242.63
1088,electronics.smartphone,apple,531.26
1089,appliances.kitchen.kettle,tefal,46.31
1090,electronics.smartphone,samsung,360.32
1091,electronics.smartphone,samsung,273.56
1092,electronics.smartphone,samsung,242.63
1093,electronics.smartphone,oppo,179.12
1094,electronics.smartphone,apple,1091.33
1095,electronics.smartphone,samsung,170.14
1096,appliances.environment.vacuum,samsung,64.02
1097,electronics.smartphone,samsung,172.23
1098,electronics.smartphone,samsung,273.56
1099,electronics.smartphone,samsung,242.72
1100,electronics.smartphone,apple,458.28
1101,electronics.smartphone,apple,949.47
1102,electronics.smartphone,apple,458.28
1103,electronics.smartphone,samsung,273.56
1104,electronics.smartphone,apple,1348.61
1105,electronics.smartphone,apple,458.28
1106,electronics.smartphone,samsung,170.14
1107,appliances.environment.vacuum,samsung,64.02
1108,appliances.environment.vacuum,samsung,64.02
1109,electronics.smartphone,apple,1337.23
1110,electronics.smartphone,apple,949.47
1111,electronics.smartphone,samsung,275.25
1112,electronics.smartphone,apple,531.26
1113,electronics.smartphone,samsung,128.42
1114,electronics.smartphone,samsung,139.68
1115,electronics.smartphone,xiaomi,218.54
1116,electronics.smartphone,apple,1091.33
1117,electronics.smartphone,apple,1091.33
1118,electronics.smartphone,apple,458.28
1119,electronics.smartphone,xiaomi,111.62
1120,electronics.smartphone,xiaomi,203.09
1121,electronics.smartphone,samsung,275.25
1122,electronics.smartphone,samsung,503.09
1123,electronics.smartphone,samsung,172.23
1124,electronics.smartphone,apple,949.47
1125,electronics.smartphone,samsung,782.22
1126,auto.accessories.alarm,starline,157.53
1127,electronics.smartphone,samsung,275.25
1128,electronics.smartphone,apple,949.47
1129,appliances.environment.vacuum,lg,174.17
1130,electronics.smartphone,apple,722.4
1131,electronics.smartphone,samsung,275.25
1132,electronics.audio.headphone,apple,160.57
1133,electronics.smartphone,samsung,139.68
1134,electronics.smartphone,apple,973.41
1135,electronics.smartphone,xiaomi,85.88
1136,electronics.smartphone,samsung,275.25
1137,electronics.smartphone,apple,458.28
1138,electronics.smartphone,samsung,128.42
1139,electronics.smartphone,apple,458.28
1140,electronics.video.tv,lg,437.15
1141,electronics.smartphone,apple,591.25
1142,electronics.smartphone,xiaomi,114.63
1143,electronics.smartphone,xiaomi,280.57
1144,electronics.smartphone,apple,458.28
1145,electronics.audio.headphone,apple,160.57
1146,electronics.smartphone,apple,458.28
1147,electronics.video.tv,samsung,369.45
1148,auto.accessories.alarm,starline,157.53
1149,electronics.smartphone,samsung,172.23
1150,electronics.smartphone,apple,791.78
1151,computers.notebook,acer,283.09
1152,electronics.smartphone,samsung,242.72
1153,construction.tools.drill,alteco,52.51
1154,electronics.smartphone,samsung,195.06
1155,electronics.smartphone,apple,458.28
1156,electronics.smartphone,apple,591.25
1157,electronics.tablet,samsung,154.16
1158,electronics.smartphone,samsung,139.64
1159,electronics.smartphone,apple,458.28
1160,electronics.smartphone,samsung,172.23
1161,electronics.smartphone,xiaomi,111.56
1162,electronics.smartphone,huawei,266.0
1163,electronics.smartphone,huawei,254.71
1164,electronics.smartphone,samsung,242.63
1165,appliances.environment.vacuum,karcher,565.11
1166,electronics.audio.headphone,apple,160.57
1167,electronics.smartphone,xiaomi,85.88
1168,electronics.smartphone,samsung,172.23
1169,electronics.smartphone,apple,791.78
1170,electronics.telephone,nokia,21.95
1171,electronics.smartphone,xiaomi,212.08
1172,electronics.smartphone,apple,787.5
1173,electronics.smartphone,samsung,172.23
1174,appliances.environment.vacuum,samsung,99.05
1175,electronics.smartphone,samsung,1007.8
1176,electronics.telephone,nokia,94.66
1177,electronics.smartphone,apple,949.47
1178,electronics.smartphone,xiaomi,212.08
1179,appliances.environment.vacuum,samsung,99.05
1180,electronics.smartphone,samsung,172.23
1181,electronics.telephone,nokia,94.66
1182,electronics.audio.headphone,apple,160.57
1183,electronics.telephone,nokia,94.66
1184,electronics.smartphone,samsung,128.42
1185,electronics.smartphone,apple,599.23
1186,electronics.smartphone,samsung,128.42
1187,electronics.clocks,apple,334.34
1188,electronics.smartphone,xiaomi,212.08
1189,electronics.smartphone,apple,458.28
1190,electronics.audio.headphone,apple,188.94
1191,electronics.smartphone,samsung,128.42
1192,electronics.smartphone,samsung,128.42
1193,electronics.smartphone,huawei,106.56
1194,electronics.audio.headphone,apple,160.57
1195,electronics.audio.headphone,apple,160.57
1196,electronics.smartphone,samsung,128.42
1197,electronics.audio.headphone,xiaomi,6.67
1198,electronics.smartphone,apple,531.26
1199,electronics.audio.headphone,apple,188.94
1200,electronics.smartphone,xiaomi,212.08
1201,electronics.smartphone,samsung,139.68
1202,electronics.audio.headphone,apple,188.94
1203,electronics.smartphone,samsung,362.29
1204,electronics.smartphone,huawei,266.0
1205,electronics.audio.headphone,apple,188.94
1206,electronics.smartphone,samsung,170.14
1207,electronics.telephone,texet,8.98
1208,electronics.smartphone,xiaomi,212.08
1209,electronics.smartphone,apple,599.23
1210,electronics.smartphone,xiaomi,203.09
1211,electronics.smartphone,oppo,178.87
1212,electronics.smartphone,huawei,106.56
1213,electronics.clocks,apple,430.74
1214,electronics.smartphone,apple,722.4
1215,electronics.telephone,philips,48.65
1216,electronics.smartphone,samsung,131.53
1217,electronics.telephone,philips,48.65
1218,electronics.clocks,apple,334.35
1219,electronics.audio.headphone,apple,160.57
1220,electronics.audio.headphone,apple,160.57
1221,electronics.smartphone,samsung,88.29
1222,electronics.smartphone,xiaomi,212.08
1223,electronics.clocks,apple,430.74
1224,electronics.smartphone,samsung,128.42
1225,electronics.audio.headphone,samsung,107.45
1226,electronics.audio.headphone,samsung,107.45
1227,electronics.smartphone,samsung,223.95
1228,electronics.smartphone,samsung,88.29
1229,electronics.smartphone,apple,949.47
1230,electronics.clocks,apple,430.74
1231,electronics.smartphone,huawei,125.61
1232,electronics.smartphone,samsung,223.95
1233,electronics.audio.headphone,samsung,107.45
1234,electronics.audio.headphone,apple,188.94
1235,electronics.smartphone,huawei,164.95
1236,electronics.audio.headphone,apple,160.57
1237,electronics.smartphone,samsung,128.42
1238,electronics.smartphone,huawei,164.95
1239,electronics.smartphone,samsung,195.06
1240,electronics.smartphone,samsung,362.29
1241,electronics.smartphone,samsung,128.42
1242,electronics.smartphone,samsung,242.63
1243,electronics.smartphone,samsung,172.23
1244,electronics.smartphone,samsung,195.06
1245,electronics.smartphone,xiaomi,211.92
1246,electronics.smartphone,apple,977.3
1247,electronics.smartphone,apple,1348.61
1248,appliances.kitchen.washer,beko,215.75
1249,electronics.telephone,nokia,21.85
1250,electronics.smartphone,xiaomi,111.62
1251,electronics.clocks,apple,554.96
1252,electronics.smartphone,xiaomi,211.92
1253,electronics.smartphone,apple,1348.61
1254,appliances.environment.vacuum,samsung,64.02
1255,electronics.smartphone,samsung,128.42
1256,electronics.smartphone,samsung,128.42
1257,electronics.smartphone,samsung,128.42
1258,electronics.smartphone,apple,1665.36
1259,electronics.audio.headphone,apple,188.94
1260,electronics.audio.headphone,apple,188.94
1261,appliances.environment.vacuum,samsung,64.02
1262,appliances.environment.vacuum,samsung,108.09
1263,electronics.smartphone,samsung,128.42
1264,electronics.clocks,apple,554.96
1265,electronics.smartphone,huawei,164.95
1266,electronics.smartphone,samsung,229.9
1267,electronics.smartphone,apple,1348.61
1268,electronics.smartphone,samsung,362.29
1269,electronics.clocks,apple,333.08
1270,appliances.environment.vacuum,samsung,99.05
1271,electronics.smartphone,apple,743.04
1272,electronics.smartphone,samsung,128.42
1273,electronics.smartphone,samsung,172.23
1274,electronics.smartphone,huawei,106.54
1275,appliances.environment.vacuum,samsung,108.09
1276,electronics.smartphone,samsung,128.42
1277,electronics.smartphone,apple,1661.09
1278,electronics.smartphone,samsung,139.64
1279,electronics.clocks,apple,554.96
1280,appliances.kitchen.dishwasher,beko,317.77
1281,electronics.smartphone,apple,458.28
1282,electronics.smartphone,apple,458.28
1283,electronics.smartphone,samsung,242.63
1284,electronics.smartphone,samsung,242.63
1285,electronics.smartphone,xiaomi,94.46
1286,electronics.smartphone,samsung,229.9
1287,appliances.environment.vacuum,bosch,102.94
1288,electronics.audio.headphone,apple,160.57
1289,electronics.smartphone,samsung,242.63
1290,electronics.smartphone,apple,1027.59
1291,electronics.smartphone,samsung,242.63
1292,electronics.smartphone,apple,458.28
1293,electronics.smartphone,samsung,242.63
1294,electronics.smartphone,samsung,229.9
1295,electronics.smartphone,oppo,178.87
1296,electronics.smartphone,oppo,178.87
1297,electronics.audio.headphone,apple,160.57
1298,electronics.smartphone,samsung,88.29
1299,electronics.smartphone,xiaomi,212.08
1300,electronics.smartphone,oppo,178.87
1301,electronics.smartphone,apple,1348.61
1302,electronics.audio.headphone,apple,160.57
1303,electronics.smartphone,xiaomi,189.97
1304,appliances.kitchen.microwave,lg,90.17
1305,electronics.audio.headphone,apple,160.57
1306,electronics.smartphone,apple,1671.66
1307,electronics.smartphone,xiaomi,212.08
1308,electronics.smartphone,apple,949.47
1309,electronics.video.tv,samsung,475.91
1310,electronics.smartphone,samsung,170.14
1311,appliances.environment.vacuum,samsung,99.05
1312,electronics.audio.headphone,apple,188.94
1313,electronics.smartphone,xiaomi,212.1
1314,electronics.smartphone,apple,949.47
1315,electronics.smartphone,huawei,127.33
1316,electronics.smartphone,samsung,128.42
1317,computers.components.hdd,kingston,64.4
1318,computers.components.hdd,kingston,64.4
1319,electronics.smartphone,samsung,242.63
1320,appliances.environment.vacuum,samsung,99.05
1321,electronics.smartphone,apple,949.47
1322,electronics.smartphone,samsung,172.23
1323,electronics.audio.headphone,samsung,107.45
1324,electronics.smartphone,apple,1661.09
1325,electronics.smartphone,samsung,242.63
1326,appliances.environment.vacuum,samsung,99.05
1327,electronics.video.tv,artel,146.85
1328,electronics.smartphone,apple,458.28
1329,appliances.environment.water_heater,ariston,194.18
1330,electronics.audio.headphone,apple,188.94
1331,electronics.smartphone,apple,720.47
1332,electronics.smartphone,xiaomi,212.08
1333,electronics.smartphone,samsung,223.95
1334,electronics.audio.headphone,sony,231.41
1335,electronics.smartphone,apple,1348.61
1336,electronics.smartphone,samsung,131.53
1337,electronics.smartphone,huawei,266.0
1338,electronics.smartphone,oppo,385.83
1339,electronics.smartphone,huawei,266.0
1340,electronics.audio.headphone,sony,231.41
1341,electronics.audio.headphone,samsung,107.45
1342,electronics.smartphone,apple,949.47
1343,electronics.smartphone,xiaomi,111.56
1344,electronics.smartphone,samsung,88.29
1345,electronics.smartphone,xiaomi,405.85
1346,electronics.smartphone,xiaomi,405.85
1347,electronics.smartphone,huawei,151.99
1348,electronics.smartphone,samsung,131.53
1349,electronics.audio.headphone,apple,160.57
1350,electronics.smartphone,huawei,108.98
1351,electronics.audio.headphone,apple,188.94
1352,electronics.smartphone,huawei,266.0
1353,electronics.smartphone,apple,1583.48
1354,electronics.smartphone,samsung,139.64
1355,electronics.smartphone,apple,722.4
1356,electronics.smartphone,apple,1348.61
1357,electronics.smartphone,nokia,94.73
1358,electronics.smartphone,samsung,273.56
1359,electronics.smartphone,xiaomi,212.08
1360,electronics.smartphone,samsung,139.64
1361,electronics.smartphone,apple,458.28
1362,electronics.smartphone,oppo,179.12
1363,electronics.smartphone,xiaomi,85.88
1364,electronics.smartphone,apple,722.4
1365,electronics.smartphone,apple,949.47
1366,electronics.smartphone,apple,949.47
1367,electronics.smartphone,apple,928.18
1368,electronics.smartphone,samsung,275.25
1369,electronics.smartphone,samsung,139.64
1370,electronics.smartphone,samsung,139.68
1371,electronics.smartphone,apple,949.47
1372,electronics.smartphone,huawei,266.0
1373,electronics.smartphone,samsung,242.63
1374,electronics.smartphone,samsung,139.64
1375,electronics.smartphone,apple,1348.61
1376,electronics.smartphone,samsung,242.63
1377,auto.accessories.alarm,centurion,82.11
1378,electronics.smartphone,apple,358.31
1379,electronics.smartphone,apple,358.31
1380,electronics.smartphone,apple,928.38
1381,electronics.smartphone,xiaomi,212.08
1382,electronics.smartphone,huawei,151.99
1383,electronics.smartphone,samsung,139.68
1384,electronics.smartphone,apple,722.4
1385,electronics.smartphone,xiaomi,212.08
1386,electronics.smartphone,apple,722.4
1387,electronics.smartphone,apple,722.4
1388,electronics.smartphone,apple,949.47
1389,electronics.smartphone,apple,1003.63
1390,electronics.smartphone,apple,1003.63
1391,electronics.smartphone,samsung,139.68
1392,electronics.smartphone,xiaomi,212.08
1393,electronics.smartphone,samsung,139.64
1394,electronics.smartphone,samsung,139.68
1395,electronics.smartphone,huawei,230.93
1396,electronics.smartphone,oppo,128.68
1397,appliances.kitchen.mixer,polaris,43.5
1398,electronics.smartphone,samsung,172.23
1399,electronics.smartphone,samsung,242.63
1400,appliances.environment.vacuum,bosch,105.02
1401,electronics.smartphone,samsung,242.63
1402,electronics.smartphone,xiaomi,211.92
1403,electronics.smartphone,apple,458.28
1404,electronics.tablet,samsung,109.36
1405,electronics.smartphone,samsung,172.23
1406,electronics.smartphone,samsung,193.26
1407,auto.accessories.alarm,starline,121.24
1408,electronics.smartphone,apple,577.89
1409,electronics.smartphone,samsung,229.9
1410,electronics.smartphone,huawei,266.0
1411,electronics.smartphone,xiaomi,330.63
1412,electronics.smartphone,xiaomi,330.63
1413,electronics.smartphone,samsung,242.63
1414,electronics.smartphone,samsung,139.68
1415,electronics.smartphone,samsung,275.25
1416,electronics.smartphone,apple,1665.36
1417,electronics.smartphone,samsung,128.42
1418,electronics.smartphone,samsung,139.68
1419,auto.accessories.alarm,starline,139.77
1420,electronics.smartphone,samsung,139.68
1421,electronics.smartphone,samsung,139.68
1422,electronics.smartphone,samsung,139.68
1423,electronics.smartphone,samsung,88.29
1424,electronics.smartphone,samsung,275.25
1425,electronics.smartphone,samsung,275.25
1426,electronics.smartphone,apple,722.4
1427,electronics.smartphone,apple,1583.48
1428,electronics.audio.headphone,apple,160.57
1429,electronics.smartphone,samsung,139.68
1430,electronics.smartphone,xiaomi,330.63
1431,electronics.smartphone,apple,1003.63
1432,electronics.smartphone,apple,2011.63
1433,electronics.smartphone,xiaomi,280.57
1434,electronics.smartphone,samsung,128.42
1435,electronics.smartphone,samsung,128.42
1436,electronics.smartphone,samsung,128.42
1437,construction.tools.drill,dewalt,150.95
1438,electronics.smartphone,samsung,275.25
1439,construction.tools.drill,dewalt,150.95
1440,electronics.smartphone,samsung,242.63
1441,electronics.smartphone,samsung,362.29
1442,construction.tools.drill,dewalt,150.95
1443,electronics.smartphone,samsung,275.25
1444,electronics.smartphone,xiaomi,189.97
1445,electronics.audio.headphone,apple,160.57
1446,electronics.smartphone,apple,722.4
1447,electronics.smartphone,huawei,254.71
1448,electronics.smartphone,apple,928.38
1449,electronics.smartphone,samsung,131.53
1450,electronics.smartphone,samsung,88.29
1451,electronics.audio.headphone,xiaomi,22.8
1452,computers.peripherals.printer,epson,203.84
1453,electronics.smartphone,apple,791.78
1454,electronics.smartphone,huawei,151.99
1455,electronics.smartphone,apple,973.41
1456,electronics.smartphone,xiaomi,85.88
1457,electronics.smartphone,xiaomi,282.88
1458,electronics.audio.headphone,apple,160.57
1459,electronics.smartphone,apple,458.28
1460,electronics.smartphone,xiaomi,85.88
1461,electronics.clocks,apple,317.67
1462,electronics.audio.headphone,apple,160.57
1463,electronics.smartphone,apple,1091.33
1464,electronics.smartphone,xiaomi,211.92
1465,electronics.smartphone,samsung,362.29
1466,electronics.smartphone,samsung,360.97
1467,electronics.smartphone,samsung,362.29
1468,electronics.smartphone,samsung,229.9
1469,appliances.kitchen.microwave,lg,90.17
1470,electronics.clocks,xiaomi,70.79
1471,electronics.smartphone,xiaomi,189.97
1472,electronics.smartphone,samsung,360.97
1473,electronics.clocks,apple,317.67
1474,electronics.smartphone,xiaomi,189.97
1475,electronics.audio.headphone,elari,55.0
1476,electronics.smartphone,samsung,139.68
1477,electronics.smartphone,apple,749.67
1478,electronics.smartphone,huawei,151.99
1479,electronics.smartphone,oppo,308.45
1480,electronics.video.tv,samsung,369.45
1481,electronics.smartphone,samsung,275.25
1482,electronics.smartphone,samsung,172.23
1483,electronics.telephone,panasonic,25.95
1484,electronics.smartphone,apple,577.89
1485,appliances.sewing_machine,janome,101.93
1486,electronics.smartphone,samsung,360.97
1487,electronics.tablet,huawei,179.9
1488,electronics.smartphone,apple,591.25
1489,electronics.telephone,texet,17.45
1490,construction.tools.drill,dewalt,150.95
1491,electronics.smartphone,samsung,242.63
1492,electronics.smartphone,apple,577.89
1493,electronics.smartphone,xiaomi,431.31
1494,construction.tools.drill,dewalt,150.95
1495,electronics.telephone,texet,17.45
1496,electronics.smartphone,apple,591.25
1497,electronics.smartphone,xiaomi,431.31
1498,electronics.smartphone,xiaomi,431.31
1499,electronics.smartphone,apple,1003.63
1500,appliances.environment.vacuum,samsung,69.45
1501,electronics.smartphone,samsung,170.14
1502,appliances.sewing_machine,janome,101.93
1503,electronics.smartphone,samsung,170.14
1504,kids.carriage,wingoffly,115.13
1505,electronics.telephone,texet,17.45
1506,construction.tools.drill,dewalt,150.95
1507,appliances.sewing_machine,janome,101.93
1508,appliances.environment.water_heater,ariston,112.13
1509,electronics.smartphone,samsung,242.63
1510,electronics.smartphone,apple,591.25
1511,electronics.smartphone,samsung,275.25
1512,appliances.environment.vacuum,samsung,64.02
1513,construction.tools.drill,dewalt,150.95
1514,electronics.smartphone,samsung,362.29
1515,appliances.environment.water_heater,ariston,112.13
1516,electronics.smartphone,apple,1661.09
1517,appliances.environment.water_heater,ariston,112.13
1518,electronics.smartphone,apple,722.4
1519,electronics.smartphone,samsung,275.25
1520,electronics.smartphone,samsung,275.25
1521,electronics.smartphone,samsung,131.53
1522,electronics.smartphone,samsung,88.24
1523,electronics.smartphone,apple,749.67
1524,electronics.smartphone,samsung,170.14
1525,electronics.smartphone,samsung,360.97
1526,electronics.smartphone,apple,1013.86
1527,electronics.smartphone,oppo,437.57
1528,electronics.smartphone,samsung,128.42
1529,electronics.smartphone,apple,1013.86
1530,electronics.smartphone,apple,1348.61
1531,electronics.smartphone,samsung,275.25
1532,electronics.audio.headphone,apple,160.57
1533,electronics.telephone,texet,17.45
1534,electronics.smartphone,samsung,503.09
1535,electronics.smartphone,samsung,88.24
1536,electronics.smartphone,samsung,275.25
1537,electronics.smartphone,samsung,88.29
1538,electronics.smartphone,apple,749.67
1539,electronics.smartphone,apple,949.47
1540,electronics.smartphone,huawei,164.95
1541,electronics.smartphone,samsung,503.09
1542,electronics.smartphone,apple,577.89
1543,electronics.smartphone,samsung,128.42
1544,electronics.smartphone,samsung,275.25
1545,electronics.smartphone,samsung,172.23
1546,electronics.smartphone,apple,1348.61
1547,electronics.smartphone,samsung,242.63
1548,appliances.sewing_machine,janome,101.93
1549,electronics.smartphone,apple,949.47
1550,electronics.video.tv,artel,146.85
1551,electronics.smartphone,samsung,88.29
1552,electronics.smartphone,apple,1348.61
1553,electronics.smartphone,apple,1243.78
1554,electronics.smartphone,xiaomi,218.54
1555,electronics.video.tv,lg,437.15
1556,electronics.smartphone,samsung,275.25
1557,electronics.smartphone,apple,1348.61
1558,electronics.smartphone,samsung,172.23
1559,electronics.smartphone,apple,991.4
1560,electronics.smartphone,samsung,88.29
1561,electronics.smartphone,samsung,193.26
1562,electronics.smartphone,samsung,139.68
1563,electronics.smartphone,samsung,275.25
1564,electronics.video.tv,lg,437.15
1565,electronics.audio.headphone,apple,160.57
1566,electronics.smartphone,xiaomi,211.92
1567,electronics.smartphone,samsung,229.9
1568,electronics.smartphone,samsung,128.42
1569,electronics.smartphone,apple,458.28
1570,electronics.smartphone,apple,749.67
1571,electronics.smartphone,samsung,275.25
1572,electronics.smartphone,samsung,1133.36
1573,electronics.smartphone,apple,787.5
1574,electronics.smartphone,samsung,362.29
1575,electronics.smartphone,samsung,88.24
1576,electronics.smartphone,huawei,125.61
1577,electronics.smartphone,apple,1127.06
1578,appliances.kitchen.washer,midea,121.71
1579,appliances.kitchen.washer,midea,121.71
1580,appliances.kitchen.microwave,arg,56.6
1581,electronics.smartphone,samsung,139.64
1582,electronics.clocks,xiaomi,70.79
1583,electronics.smartphone,samsung,128.42
1584,electronics.audio.headphone,samsung,107.45
1585,electronics.smartphone,oppo,178.87
1586,electronics.smartphone,huawei,254.71
1587,appliances.environment.vacuum,samsung,136.17
1588,electronics.smartphone,samsung,360.97
1589,electronics.smartphone,samsung,139.64
1590,electronics.smartphone,apple,722.4
1591,appliances.kitchen.washer,indesit,177.27
1592,electronics.audio.headphone,samsung,107.45
1593,appliances.environment.air_heater,hyundai,66.0
1594,electronics.smartphone,apple,749.67
1595,electronics.audio.headphone,samsung,107.45
1596,electronics.smartphone,samsung,1133.36
1597,electronics.audio.headphone,samsung,107.45
1598,electronics.smartphone,apple,531.26
1599,electronics.smartphone,samsung,275.25
1600,electronics.smartphone,samsung,275.25
1601,electronics.smartphone,oppo,179.12
1602,electronics.smartphone,huawei,164.84
1603,electronics.smartphone,apple,458.28
1604,electronics.smartphone,apple,1348.61
1605,electronics.clocks,apple,554.96
1606,appliances.kitchen.washer,indesit,177.27
1607,electronics.smartphone,apple,1013.86
1608,electronics.smartphone,apple,732.07
1609,electronics.audio.headphone,samsung,107.45
1610,electronics.smartphone,apple,465.91
1611,electronics.smartphone,samsung,139.64
1612,electronics.smartphone,samsung,88.29
1613,electronics.smartphone,samsung,242.63
1614,electronics.smartphone,samsung,195.06
1615,electronics.smartphone,huawei,254.71
1616,electronics.smartphone,oppo,128.68
1617,electronics.smartphone,apple,465.91
1618,electronics.clocks,apple,453.16
1619,appliances.environment.vacuum,samsung,136.17
1620,electronics.smartphone,samsung,128.42
1621,electronics.smartphone,samsung,128.42
1622,electronics.smartphone,samsung,128.42
1623,electronics.smartphone,apple,465.91
1624,electronics.smartphone,apple,1672.89
1625,electronics.smartphone,xiaomi,212.08
1626,electronics.smartphone,apple,1661.09
1627,electronics.smartphone,samsung,128.42
1628,electronics.smartphone,samsung,128.42
1629,electronics.smartphone,samsung,170.14
1630,electronics.smartphone,samsung,172.22
1631,electronics.smartphone,samsung,242.63
1632,electronics.smartphone,samsung,242.63
1633,electronics.smartphone,apple,1052.77
1634,electronics.smartphone,samsung,242.63
1635,electronics.smartphone,apple,1672.89
1636,electronics.smartphone,samsung,172.23
1637,electronics.smartphone,oppo,178.87
1638,electronics.smartphone,apple,1665.36
1639,electronics.smartphone,samsung,362.29
1640,electronics.smartphone,samsung,362.29
1641,appliances.kitchen.microwave,lg,90.17
1642,appliances.kitchen.washer,samsung,344.66
1643,electronics.smartphone,xiaomi,282.88
1644,electronics.smartphone,samsung,128.42
1645,electronics.smartphone,samsung,139.68
1646,electronics.smartphone,huawei,149.28
1647,electronics.smartphone,xiaomi,203.09
1648,electronics.smartphone,apple,1348.61
1649,appliances.kitchen.washer,midea,121.71
1650,electronics.smartphone,xiaomi,281.45
1651,electronics.smartphone,xiaomi,181.12
1652,electronics.smartphone,apple,732.07
1653,electronics.smartphone,apple,732.07
1654,electronics.smartphone,samsung,172.23
1655,construction.tools.saw,huter,110.02
1656,appliances.kitchen.refrigerators,beko,238.3
1657,electronics.smartphone,huawei,92.15
1658,electronics.smartphone,apple,358.31
1659,electronics.smartphone,apple,722.4
1660,electronics.smartphone,samsung,131.53
1661,electronics.smartphone,apple,1027.59
1662,appliances.kitchen.washer,midea,102.42
1663,electronics.smartphone,samsung,503.09
1664,electronics.telephone,nokia,21.95
1665,electronics.smartphone,apple,1091.33
1666,electronics.smartphone,samsung,139.68
1667,electronics.video.tv,artel,146.85
1668,electronics.smartphone,apple,722.4
1669,electronics.smartphone,samsung,275.25
1670,electronics.smartphone,samsung,223.95
1671,electronics.smartphone,samsung,275.25
1672,electronics.smartphone,apple,458.28
1673,electronics.smartphone,samsung,88.29
1674,electronics.smartphone,apple,732.07
1675,electronics.smartphone,samsung,360.32
1676,electronics.audio.headphone,apple,188.94
1677,electronics.smartphone,samsung,223.95
1678,electronics.smartphone,xiaomi,280.57
1679,electronics.smartphone,samsung,172.22
1680,electronics.smartphone,samsung,128.42
1681,electronics.smartphone,samsung,242.63
1682,electronics.smartphone,samsung,88.29
1683,electronics.smartphone,samsung,88.29
1684,construction.tools.saw,huter,110.02
1685,electronics.telephone,nokia,21.95
1686,electronics.smartphone,samsung,362.29
1687,electronics.smartphone,apple,1348.61
1688,electronics.smartphone,apple,793.84
1689,electronics.smartphone,samsung,242.63
1690,electronics.smartphone,oppo,501.69
1691,electronics.smartphone,apple,949.47
1692,electronics.smartphone,samsung,242.63
1693,electronics.smartphone,samsung,88.29
1694,electronics.smartphone,samsung,139.64
1695,electronics.telephone,prestigio,8.37
1696,electronics.smartphone,xiaomi,281.45
1697,electronics.smartphone,samsung,88.29
1698,electronics.audio.headphone,samsung,115.78
1699,electronics.smartphone,oppo,179.12
1700,electronics.smartphone,samsung,242.63
1701,electronics.smartphone,xiaomi,212.08
1702,electronics.smartphone,samsung,242.63
1703,electronics.smartphone,samsung,242.63
1704,electronics.smartphone,samsung,229.9
1705,electronics.video.tv,samsung,369.45
1706,electronics.smartphone,samsung,195.06
1707,electronics.smartphone,apple,928.18
1708,electronics.smartphone,samsung,242.63
1709,electronics.smartphone,apple,1003.63
1710,computers.notebook,acer,283.09
1711,electronics.smartphone,samsung,362.29
1712,electronics.smartphone,xiaomi,431.31
1713,electronics.smartphone,apple,1661.09
1714,electronics.smartphone,apple,722.4
1715,electronics.smartphone,xiaomi,308.61
1716,electronics.clocks,apple,317.67
1717,electronics.smartphone,samsung,139.68
1718,electronics.smartphone,samsung,242.63
1719,appliances.environment.water_heater,ariston,105.7
1720,electronics.smartphone,apple,1661.09
1721,electronics.smartphone,samsung,139.68
1722,electronics.smartphone,apple,1661.09
1723,electronics.smartphone,samsung,242.72
1724,electronics.smartphone,samsung,362.29
1725,appliances.environment.water_heater,ariston,112.13
1726,electronics.smartphone,samsung,128.42
1727,electronics.smartphone,xiaomi,281.45
1728,electronics.smartphone,apple,949.47
1729,electronics.smartphone,apple,1003.63
1730,appliances.environment.vacuum,samsung,108.09
1731,electronics.smartphone,samsung,128.42
1732,electronics.smartphone,samsung,139.68
1733,appliances.environment.water_heater,ariston,112.13
1734,appliances.kitchen.washer,samsung,306.05
1735,electronics.smartphone,huawei,266.0
1736,electronics.smartphone,samsung,242.63
1737,electronics.audio.headphone,samsung,107.45
1738,electronics.audio.headphone,xiaomi,22.8
1739,electronics.smartphone,oppo,178.87
1740,electronics.smartphone,huawei,164.95
1741,electronics.smartphone,oppo,178.87
1742,electronics.smartphone,huawei,164.95
1743,electronics.smartphone,samsung,128.42
1744,electronics.smartphone,samsung,717.39
1745,electronics.audio.headphone,samsung,107.45
1746,electronics.tablet,samsung,109.36
1747,electronics.smartphone,xiaomi,94.7
1748,electronics.smartphone,samsung,275.25
1749,electronics.smartphone,samsung,229.9
1750,electronics.smartphone,apple,458.28
1751,electronics.video.tv,artel,146.85
1752,electronics.smartphone,samsung,139.68
1753,electronics.smartphone,oppo,178.87
1754,electronics.smartphone,samsung,88.29
1755,electronics.smartphone,samsung,139.68
1756,electronics.smartphone,samsung,229.9
1757,electronics.smartphone,samsung,128.42
1758,electronics.smartphone,samsung,717.39
1759,electronics.audio.headphone,apple,160.57
1760,electronics.video.tv,artel,146.85
1761,electronics.smartphone,xiaomi,203.09
1762,electronics.smartphone,xiaomi,94.7
1763,electronics.smartphone,apple,2004.17
1764,electronics.smartphone,samsung,172.22
1765,electronics.smartphone,apple,949.47
1766,electronics.smartphone,samsung,170.14
1767,electronics.smartphone,oppo,308.45
1768,electronics.smartphone,samsung,195.06
1769,electronics.smartphone,samsung,139.68
1770,electronics.smartphone,xiaomi,94.7
1771,electronics.audio.headphone,xiaomi,22.8
1772,electronics.smartphone,apple,949.47
1773,computers.notebook,acer,283.09
1774,electronics.smartphone,samsung,88.24
1775,electronics.video.tv,artel,146.85
1776,electronics.audio.headphone,xiaomi,22.8
1777,electronics.smartphone,apple,793.84
1778,electronics.smartphone,apple,458.28
1779,electronics.smartphone,apple,949.47
1780,electronics.video.tv,samsung,369.45
1781,electronics.smartphone,samsung,717.39
1782,electronics.smartphone,apple,793.84
1783,electronics.smartphone,huawei,266.0
1784,electronics.smartphone,xiaomi,94.7
1785,electronics.smartphone,apple,793.84
1786,electronics.smartphone,samsung,139.68
1787,electronics.smartphone,samsung,362.29
1788,electronics.smartphone,apple,949.47
1789,electronics.smartphone,samsung,139.68
1790,electronics.smartphone,apple,722.4
1791,electronics.smartphone,xiaomi,211.92
1792,electronics.audio.headphone,apple,160.57
1793,electronics.smartphone,samsung,229.9
1794,electronics.smartphone,apple,949.47
1795,electronics.audio.headphone,apple,22.86
1796,electronics.smartphone,apple,1348.61
1797,electronics.smartphone,samsung,88.29
1798,electronics.smartphone,huawei,164.95
1799,computers.notebook,acer,682.09
1800,electronics.smartphone,samsung,139.64
1801,electronics.smartphone,samsung,362.29
1802,electronics.smartphone,apple,1243.78
1803,electronics.smartphone,apple,1665.36
1804,electronics.smartphone,xiaomi,137.18
1805,electronics.smartphone,samsung,139.64
1806,electronics.smartphone,samsung,139.68
1807,electronics.smartphone,apple,458.28
1808,electronics.smartphone,apple,1348.61
1809,electronics.smartphone,apple,771.45
1810,electronics.smartphone,samsung,131.53
1811,electronics.smartphone,samsung,128.42
1812,electronics.smartphone,apple,1348.61
1813,electronics.smartphone,samsung,717.39
1814,electronics.smartphone,apple,1453.0
1815,electronics.smartphone,samsung,172.23
1816,electronics.smartphone,samsung,275.25
1817,electronics.smartphone,apple,1453.0
1818,electronics.audio.headphone,apple,160.57
1819,electronics.smartphone,apple,1583.48
1820,electronics.smartphone,samsung,242.63
1821,electronics.smartphone,samsung,242.63
1822,electronics.smartphone,samsung,139.64
1823,electronics.smartphone,samsung,275.25
1824,electronics.smartphone,samsung,211.61
1825,electronics.audio.headphone,apple,188.94
1826,electronics.smartphone,samsung,242.63
1827,electronics.smartphone,samsung,131.53
1828,electronics.smartphone,samsung,139.68
1829,electronics.smartphone,xiaomi,212.08
1830,electronics.smartphone,samsung,128.42
1831,electronics.smartphone,samsung,128.42
1832,electronics.smartphone,xiaomi,85.88
1833,electronics.smartphone,samsung,128.42
1834,electronics.smartphone,huawei,266.0
1835,auto.accessories.videoregister,neoline,277.81
1836,electronics.smartphone,apple,1583.48
1837,electronics.smartphone,apple,949.47
1838,electronics.audio.headphone,xiaomi,22.8
1839,electronics.smartphone,samsung,362.29
1840,electronics.smartphone,apple,1348.61
1841,electronics.smartphone,huawei,266.0
1842,electronics.smartphone,apple,465.91
1843,electronics.smartphone,samsung,503.09
1844,electronics.smartphone,huawei,266.0
1845,electronics.telephone,panasonic,25.15
1846,electronics.smartphone,apple,1063.06
1847,electronics.smartphone,samsung,139.64
1848,electronics.smartphone,huawei,266.0
1849,electronics.smartphone,samsung,195.06
1850,electronics.smartphone,apple,1348.61
1851,electronics.smartphone,huawei,266.0
1852,electronics.smartphone,huawei,266.0
1853,electronics.smartphone,huawei,266.0
1854,electronics.smartphone,huawei,266.0
1855,electronics.smartphone,huawei,266.0
1856,electronics.smartphone,huawei,266.0
1857,electronics.smartphone,huawei,266.0
1858,electronics.clocks,samsung,290.82
1859,electronics.smartphone,apple,1583.48
1860,electronics.smartphone,apple,1348.61
1861,electronics.smartphone,samsung,139.64
1862,electronics.smartphone,samsung,195.06
1863,electronics.tablet,samsung,154.16
1864,electronics.smartphone,samsung,782.22
1865,electronics.tablet,samsung,154.16
1866,electronics.smartphone,huawei,266.0
1867,appliances.kitchen.kettle,redmond,31.76
1868,electronics.smartphone,samsung,782.22
1869,electronics.smartphone,apple,949.47
1870,electronics.smartphone,samsung,195.06
1871,electronics.smartphone,huawei,164.95
1872,electronics.smartphone,samsung,128.42
1873,electronics.smartphone,samsung,139.64
1874,electronics.smartphone,apple,1348.61
1875,electronics.smartphone,apple,793.84
1876,electronics.smartphone,xiaomi,212.08
1877,electronics.tablet,samsung,154.16
1878,electronics.smartphone,samsung,242.63
1879,electronics.smartphone,apple,1453.0
1880,electronics.smartphone,samsung,782.22
1881,electronics.clocks,samsung,290.82
1882,electronics.smartphone,xiaomi,212.08
1883,electronics.smartphone,samsung,195.06
1884,electronics.smartphone,oppo,179.12
1885,electronics.smartphone,apple,465.91
1886,electronics.clocks,xiaomi,67.12
1887,electronics.smartphone,samsung,131.53
1888,electronics.smartphone,oppo,308.45
1889,electronics.smartphone,apple,458.28
1890,electronics.smartphone,xiaomi,111.62
1891,electronics.smartphone,apple,531.26
1892,electronics.audio.headphone,apple,22.86
1893,electronics.smartphone,samsung,273.56
1894,electronics.smartphone,samsung,273.56
1895,electronics.smartphone,samsung,172.23
1896,electronics.smartphone,samsung,195.06
1897,electronics.smartphone,apple,458.28
1898,electronics.smartphone,apple,1013.86
1899,electronics.audio.headphone,xiaomi,22.8
1900,electronics.smartphone,xiaomi,189.97
1901,electronics.smartphone,samsung,242.63
1902,electronics.smartphone,xiaomi,308.61
1903,electronics.smartphone,apple,749.67
1904,electronics.smartphone,apple,1013.86
1905,electronics.smartphone,samsung,1029.34
1906,electronics.smartphone,samsung,275.25
1907,electronics.smartphone,xiaomi,189.97
1908,electronics.video.tv,lg,298.31
1909,electronics.smartphone,apple,928.38
1910,appliances.kitchen.kettle,tefal,46.31
1911,electronics.smartphone,xiaomi,267.45
1912,electronics.smartphone,xiaomi,267.45
1913,electronics.smartphone,apple,531.26
1914,electronics.smartphone,samsung,128.42
1915,electronics.smartphone,samsung,128.42
1916,electronics.video.tv,tcl,257.33
1917,electronics.smartphone,apple,749.67
1918,electronics.smartphone,samsung,139.68
1919,electronics.smartphone,oppo,256.74
1920,electronics.smartphone,samsung,172.23
1921,electronics.smartphone,samsung,172.23
1922,electronics.smartphone,xiaomi,94.7
1923,electronics.smartphone,huawei,108.98
1924,electronics.smartphone,samsung,362.29
1925,electronics.smartphone,samsung,172.23
1926,electronics.smartphone,samsung,275.25
1927,electronics.smartphone,samsung,172.23
1928,appliances.kitchen.microwave,lg,90.17
1929,electronics.smartphone,samsung,717.39
1930,electronics.smartphone,apple,1348.61
1931,electronics.smartphone,samsung,172.23
1932,appliances.kitchen.washer,midea,102.42
1933,electronics.clocks,aimoto,54.06
1934,electronics.smartphone,samsung,242.63
1935,computers.components.hdd,kingston,64.4
1936,electronics.video.tv,lg,485.85
1937,electronics.smartphone,apple,949.47
1938,electronics.smartphone,xiaomi,150.97
1939,electronics.smartphone,samsung,242.72
1940,electronics.smartphone,samsung,242.63
1941,electronics.smartphone,samsung,362.29
1942,electronics.tablet,samsung,109.36
1943,electronics.video.tv,lg,485.85
1944,electronics.smartphone,apple,732.07
1945,electronics.smartphone,apple,1013.86
1946,electronics.smartphone,samsung,229.9
1947,electronics.smartphone,samsung,139.68
1948,electronics.smartphone,samsung,242.63
1949,electronics.smartphone,samsung,128.42
1950,electronics.smartphone,tp-link,97.55
1951,appliances.kitchen.washer,samsung,306.05
1952,electronics.smartphone,samsung,242.63
1953,computers.peripherals.mouse,x-game,5.03
1954,electronics.clocks,apple,447.6
1955,appliances.kitchen.refrigerators,beko,238.3
1956,computers.peripherals.mouse,x-game,5.03
1957,electronics.smartphone,xiaomi,189.97
1958,electronics.clocks,apple,317.67
1959,electronics.smartphone,apple,1027.44
1960,electronics.smartphone,samsung,242.63
1961,electronics.smartphone,xiaomi,189.97
1962,electronics.smartphone,xiaomi,85.88
1963,electronics.smartphone,xiaomi,189.97
1964,electronics.smartphone,apple,599.23
1965,electronics.smartphone,xiaomi,189.97
1966,electronics.smartphone,xiaomi,94.7
1967,electronics.smartphone,xiaomi,85.88
1968,electronics.smartphone,samsung,1133.36
1969,appliances.kitchen.kettle,tefal,46.31
1970,electronics.smartphone,samsung,213.94
1971,electronics.smartphone,samsung,128.42
1972,electronics.smartphone,apple,599.23
1973,electronics.smartphone,apple,1052.77
1974,electronics.smartphone,apple,1337.23
1975,electronics.smartphone,samsung,242.63
1976,electronics.smartphone,samsung,172.23
1977,electronics.smartphone,samsung,242.72
1978,electronics.smartphone,apple,949.47
1979,appliances.personal.scales,scarlett,9.47
1980,electronics.smartphone,samsung,782.22
1981,electronics.smartphone,xiaomi,212.08
1982,electronics.smartphone,apple,577.89
1983,electronics.tablet,apple,514.3
1984,electronics.smartphone,samsung,128.42
1985,electronics.tablet,apple,514.3
1986,electronics.smartphone,apple,1583.48
1987,electronics.smartphone,samsung,128.42
1988,electronics.smartphone,meizu,69.24
1989,electronics.tablet,apple,514.3
1990,appliances.environment.vacuum,philips,101.93
1991,auto.accessories.alarm,starline,157.53
1992,electronics.smartphone,xiaomi,212.08
1993,electronics.smartphone,samsung,172.23
1994,electronics.smartphone,apple,1348.61
1995,appliances.environment.vacuum,philips,101.93
1996,electronics.smartphone,apple,949.47
1997,electronics.smartphone,samsung,242.72
1998,auto.accessories.alarm,starline,157.53
1999,electronics.smartphone,samsung,172.23
2000,electronics.smartphone,xiaomi,212.08
2001,electronics.smartphone,samsung,172.23
2002,electronics.smartphone,apple,1013.86
2003,electronics.smartphone,xiaomi,85.88
2004,electronics.smartphone,apple,722.4
2005,electronics.smartphone,apple,531.26
2006,auto.accessories.videoregister,ibox,139.71
2007,electronics.smartphone,samsung,128.42
2008,electronics.smartphone,apple,458.28
2009,electronics.smartphone,apple,1054.6
2010,electronics.smartphone,samsung,172.22
2011,electronics.smartphone,xiaomi,85.88
2012,electronics.smartphone,samsung,88.29
2013,electronics.smartphone,apple,1348.61
2014,electronics.smartphone,samsung,128.42
2015,electronics.smartphone,samsung,242.72
2016,electronics.smartphone,xiaomi,212.08
2017,electronics.smartphone,xiaomi,189.97
2018,electronics.smartphone,apple,1348.61
2019,electronics.smartphone,oppo,178.87
2020,electronics.smartphone,huawei,164.84
2021,electronics.smartphone,apple,949.47
2022,electronics.audio.headphone,elari,61.65
2023,electronics.smartphone,apple,1337.23
2024,electronics.smartphone,huawei,164.84
2025,electronics.smartphone,xiaomi,308.44
2026,auto.accessories.alarm,starline,138.23
2027,electronics.smartphone,xiaomi,94.46
2028,electronics.smartphone,samsung,172.23
2029,auto.accessories.alarm,starline,157.53
2030,electronics.smartphone,samsung,242.72
2031,electronics.smartphone,samsung,242.63
2032,electronics.smartphone,xiaomi,182.5
2033,electronics.smartphone,xiaomi,85.88
2034,electronics.smartphone,samsung,195.06
2035,electronics.smartphone,huawei,108.98
2036,electronics.smartphone,samsung,273.56
2037,appliances.sewing_machine,jaguar,73.72
2038,electronics.smartphone,samsung,242.63
2039,electronics.smartphone,samsung,275.25
2040,electronics.smartphone,samsung,139.68
2041,electronics.smartphone,xiaomi,114.63
2042,electronics.smartphone,apple,1665.36
2043,electronics.smartphone,samsung,139.68
2044,electronics.smartphone,samsung,139.68
2045,electronics.audio.headphone,apple,160.57
2046,electronics.clocks,apple,427.17
2047,electronics.smartphone,samsung,275.25
2048,electronics.smartphone,samsung,139.68
2049,electronics.smartphone,oppo,178.87
2050,electronics.smartphone,apple,722.4
2051,electronics.smartphone,huawei,108.98
2052,electronics.smartphone,samsung,242.72
2053,electronics.smartphone,apple,1337.23
2054,electronics.smartphone,apple,458.28
2055,electronics.smartphone,huawei,164.84
2056,electronics.smartphone,samsung,1029.34
2057,electronics.video.tv,lg,298.31
2058,electronics.smartphone,apple,949.47
2059,electronics.smartphone,xiaomi,269.78
2060,electronics.audio.headphone,xiaomi,70.79
2061,electronics.audio.headphone,xiaomi,22.8
2062,electronics.smartphone,oppo,178.87
2063,auto.accessories.alarm,starline,157.53
2064,electronics.audio.headphone,xiaomi,70.79
2065,electronics.smartphone,apple,722.4
2066,electronics.smartphone,apple,949.47
2067,appliances.environment.vacuum,bosch,105.02
2068,electronics.smartphone,samsung,128.42
2069,electronics.smartphone,samsung,242.72
2070,electronics.smartphone,samsung,128.42
2071,electronics.smartphone,xiaomi,218.54
2072,electronics.smartphone,samsung,128.42
2073,electronics.smartphone,huawei,108.98
2074,electronics.smartphone,samsung,128.42
2075,electronics.smartphone,samsung,782.22
2076,electronics.smartphone,xiaomi,218.54
2077,electronics.smartphone,samsung,360.32
2078,electronics.smartphone,oppo,178.87
2079,electronics.audio.headphone,apple,160.57
2080,electronics.video.tv,samsung,488.8
2081,electronics.smartphone,xiaomi,94.46
2082,electronics.smartphone,apple,1665.36
2083,electronics.smartphone,samsung,89.32
2084,electronics.smartphone,xiaomi,111.62
2085,electronics.smartphone,xiaomi,94.46
2086,electronics.smartphone,apple,1348.61
2087,electronics.smartphone,apple,949.47
2088,electronics.smartphone,samsung,128.42
2089,electronics.smartphone,apple,949.47
2090,auto.accessories.alarm,starline,139.77
2091,electronics.smartphone,apple,928.18
2092,electronics.smartphone,samsung,242.63
2093,electronics.video.tv,samsung,617.44
2094,electronics.smartphone,samsung,242.63
2095,electronics.smartphone,samsung,172.22
2096,electronics.smartphone,apple,722.4
2097,electronics.smartphone,apple,1348.61
2098,electronics.audio.headphone,elari,45.63
2099,electronics.smartphone,xiaomi,218.54
2100,electronics.smartphone,samsung,128.42
2101,electronics.smartphone,xiaomi,94.46
2102,electronics.smartphone,samsung,717.39
2103,electronics.smartphone,samsung,128.42
2104,electronics.smartphone,huawei,164.95
2105,electronics.video.tv,samsung,488.8
2106,electronics.smartphone,huawei,164.84
2107,electronics.smartphone,samsung,195.06
2108,electronics.smartphone,samsung,128.42
2109,electronics.smartphone,xiaomi,218.54
2110,electronics.audio.headphone,apple,160.57
2111,electronics.smartphone,xiaomi,280.57
2112,electronics.audio.headphone,elari,45.63
2113,electronics.smartphone,apple,1348.61
2114,electronics.smartphone,xiaomi,203.09
2115,electronics.smartphone,samsung,139.68
2116,electronics.smartphone,samsung,195.06
2117,electronics.smartphone,samsung,242.63
2118,computers.notebook,acer,283.09
2119,electronics.smartphone,xiaomi,308.44
2120,electronics.smartphone,samsung,242.72
2121,electronics.smartphone,samsung,128.42
2122,electronics.smartphone,samsung,139.68
2123,electronics.smartphone,samsung,139.68
2124,electronics.smartphone,apple,1665.36
2125,electronics.smartphone,samsung,139.68
2126,electronics.smartphone,apple,1348.61
2127,electronics.smartphone,apple,1337.23
2128,electronics.smartphone,samsung,128.42
2129,electronics.smartphone,apple,1348.61
2130,electronics.smartphone,samsung,128.42
2131,electronics.smartphone,samsung,242.72
2132,electronics.smartphone,samsung,128.42
2133,electronics.smartphone,apple,1665.36
2134,electronics.smartphone,oppo,166.41
2135,electronics.smartphone,xiaomi,282.88
2136,electronics.smartphone,samsung,360.32
2137,electronics.smartphone,samsung,139.68
2138,electronics.audio.headphone,apple,31.89
2139,electronics.audio.headphone,xiaomi,22.8
2140,electronics.smartphone,huawei,108.98
2141,electronics.smartphone,huawei,164.84
2142,electronics.smartphone,apple,977.3
2143,electronics.smartphone,apple,1348.61
2144,electronics.smartphone,samsung,128.42
2145,electronics.smartphone,apple,1337.23
2146,electronics.smartphone,xiaomi,114.63
2147,electronics.smartphone,apple,722.4
2148,electronics.smartphone,huawei,108.98
2149,electronics.smartphone,samsung,139.68
2150,electronics.smartphone,huawei,164.84
2151,electronics.smartphone,apple,1665.36
2152,electronics.smartphone,oppo,166.41
2153,electronics.smartphone,samsung,229.9
2154,electronics.smartphone,huawei,164.84
2155,electronics.smartphone,samsung,139.68
2156,electronics.smartphone,apple,1337.23
2157,electronics.video.tv,samsung,475.91
2158,electronics.smartphone,xiaomi,431.31
2159,electronics.smartphone,apple,1027.44
2160,electronics.smartphone,samsung,128.42
2161,electronics.smartphone,oppo,166.41
2162,electronics.smartphone,apple,722.4
2163,electronics.smartphone,samsung,139.68
2164,electronics.audio.headphone,apple,160.57
2165,electronics.smartphone,xiaomi,280.57
2166,electronics.smartphone,xiaomi,94.46
2167,electronics.smartphone,apple,722.4
2168,electronics.smartphone,samsung,229.9
2169,electronics.smartphone,huawei,164.84
2170,electronics.smartphone,apple,1661.09
2171,electronics.smartphone,huawei,266.0
2172,electronics.smartphone,apple,1337.23
2173,electronics.smartphone,samsung,242.72
2174,appliances.kitchen.microwave,samsung,116.94
2175,computers.notebook,acer,283.09
2176,electronics.smartphone,samsung,128.42
2177,electronics.smartphone,samsung,128.42
2178,electronics.smartphone,xiaomi,212.1
2179,electronics.smartphone,xiaomi,94.46
2180,electronics.smartphone,xiaomi,150.97
2181,electronics.smartphone,samsung,242.72
2182,electronics.smartphone,samsung,242.63
2183,electronics.smartphone,samsung,131.53
2184,electronics.video.tv,samsung,617.44
2185,electronics.smartphone,samsung,242.72
2186,electronics.smartphone,samsung,139.68
2187,electronics.smartphone,samsung,128.42
2188,electronics.tablet,samsung,462.82
2189,electronics.audio.headphone,apple,188.94
2190,electronics.audio.headphone,hyperx,107.85
2191,electronics.smartphone,samsung,242.72
2192,electronics.smartphone,samsung,88.29
2193,electronics.smartphone,xiaomi,308.44
2194,electronics.smartphone,samsung,195.06
2195,electronics.smartphone,samsung,360.97
2196,electronics.smartphone,apple,928.38
2197,kids.skates,xiaomi,367.55
2198,electronics.smartphone,apple,1096.29
2199,electronics.smartphone,apple,1485.98
2200,electronics.smartphone,apple,1337.23
2201,electronics.smartphone,apple,1558.25
2202,electronics.smartphone,apple,949.47
2203,electronics.audio.headphone,apple,160.57
2204,electronics.smartphone,xiaomi,269.78
2205,electronics.smartphone,samsung,362.29
2206,electronics.smartphone,apple,787.5
2207,electronics.smartphone,apple,787.5
2208,electronics.smartphone,apple,787.5
2209,electronics.smartphone,apple,949.47
2210,electronics.smartphone,apple,1453.0
2211,electronics.smartphone,samsung,88.24
2212,electronics.smartphone,samsung,242.63
2213,electronics.smartphone,samsung,128.42
2214,electronics.smartphone,samsung,131.53
2215,electronics.smartphone,apple,458.28
2216,electronics.smartphone,samsung,242.63
2217,electronics.audio.headphone,apple,160.57
2218,electronics.smartphone,xiaomi,203.09
2219,electronics.smartphone,oppo,308.45
2220,electronics.smartphone,xiaomi,280.57
2221,electronics.smartphone,apple,1337.23
2222,electronics.audio.headphone,apple,160.57
2223,electronics.smartphone,samsung,128.42
2224,electronics.smartphone,samsung,139.68
2225,electronics.smartphone,oppo,179.12
2226,electronics.smartphone,apple,577.89
2227,electronics.video.tv,samsung,617.44
2228,electronics.smartphone,samsung,128.42
2229,electronics.video.tv,lg,459.16
2230,electronics.smartphone,oppo,128.68
2231,electronics.tablet,samsung,154.16
2232,electronics.smartphone,samsung,275.25
2233,electronics.smartphone,samsung,128.42
2234,electronics.smartphone,apple,928.18
2235,electronics.smartphone,apple,1453.0
2236,electronics.smartphone,apple,1364.0
2237,electronics.smartphone,oppo,166.41
2238,electronics.smartphone,xiaomi,211.92
2239,electronics.smartphone,samsung,128.42
2240,computers.notebook,apple,1338.26
2241,computers.notebook,apple,1338.26
2242,electronics.smartphone,samsung,128.42
2243,electronics.smartphone,oppo,128.68
2244,electronics.smartphone,apple,1337.23
2245,electronics.smartphone,samsung,242.72
2246,electronics.smartphone,oppo,178.87
2247,electronics.smartphone,samsung,128.42
2248,electronics.smartphone,huawei,91.32
2249,electronics.smartphone,samsung,128.42
2250,electronics.smartphone,apple,722.4
2251,electronics.smartphone,samsung,128.42
2252,electronics.smartphone,samsung,128.42
2253,electronics.smartphone,samsung,128.42
2254,electronics.smartphone,samsung,128.42
2255,electronics.smartphone,samsung,172.23
2256,electronics.smartphone,apple,1364.0
2257,electronics.smartphone,samsung,362.29
2258,appliances.environment.vacuum,philips,101.93
2259,electronics.smartphone,apple,722.4
2260,electronics.smartphone,apple,1348.61
2261,electronics.smartphone,samsung,128.42
2262,electronics.audio.headphone,elari,61.65
2263,electronics.smartphone,apple,787.5
2264,electronics.smartphone,samsung,172.22
2265,electronics.smartphone,samsung,172.23
2266,electronics.audio.headphone,apple,188.94
2267,electronics.smartphone,apple,458.28
2268,electronics.smartphone,samsung,362.29
2269,electronics.smartphone,apple,949.47
2270,electronics.smartphone,samsung,128.42
2271,electronics.tablet,samsung,154.16
2272,electronics.smartphone,xiaomi,189.97
2273,electronics.smartphone,apple,358.31
2274,electronics.smartphone,samsung,139.64
2275,electronics.smartphone,apple,1348.61
2276,electronics.smartphone,xiaomi,212.1
2277,electronics.smartphone,oppo,166.41
2278,electronics.smartphone,samsung,128.42
2279,electronics.smartphone,samsung,139.64
2280,electronics.smartphone,apple,1337.23
2281,electronics.smartphone,samsung,195.06
2282,electronics.smartphone,apple,458.28
2283,electronics.smartphone,oppo,166.41
2284,electronics.smartphone,samsung,229.9
2285,electronics.smartphone,huawei,266.0
